Challenges	Desafíos	Desafios
Results	Resultados	Resultados
Home	Inicio	Início
7-Day Calm	7 días de calma	7 dias de calma
Sleep Reset	Descanso consciente	Descanso consciente
Focus Week	Semana de enfoque	Semana de foco
Breath Explorer	Explorador de respiración	Explorador da respiração
Three gentle rhythms. A little space to begin.	Tres ritmos suaves. Un espacio para empezar.	Três ritmos suaves. Um espaço para começar.
Make a small pocket of calm part of your day.	Haz de la calma un pequeño momento de tu día.	Reserve um momento de calma no seu dia.
Build a consistent wind-down routine.	Crea una rutina para relajarte al final del día.	Crie uma rotina para desacelerar no fim do dia.
Find a steady rhythm before your next task.	Encuentra un ritmo estable antes de tu próxima tarea.	Encontre um ritmo estável antes da próxima tarefa.
Discover five different ways to find your rhythm.	Descubre cinco formas de encontrar tu ritmo.	Descubra cinco formas de encontrar seu ritmo.
Keep showing up, with room for life in between.	Sigue practicando, con espacio para el resto de tu vida.	Continue praticando, com espaço para a vida acontecer.
3 sessions · 2–3 min each	3 sesiones · 2–3 min cada una	3 sessões · 2–3 min cada
7 practice days · 1–3 min/day	7 días de práctica · 1–3 min/día	7 dias de prática · 1–3 min/dia
7 practice days · 2–3 min/day	7 días de práctica · 2–3 min/día	7 dias de prática · 2–3 min/dia
5 sessions · 2–3 min each	5 sesiones · 2–3 min cada una	5 sessões · 2–3 min cada
5 different protocols · your pace	5 protocolos diferentes · a tu ritmo	5 protocolos diferentes · no seu ritmo
14 sessions · within 21 days	14 sesiones · en 21 días	14 sessões · em 21 dias
Complete Diaphragmatic, Extended Exhale, then Coherent breathing, in order. At least one minute per practice.	Completa, en orden, respiración diafragmática, exhalación prolongada y respiración coherente. Al menos un minuto por práctica.	Complete, nesta ordem: respiração diafragmática, expiração prolongada e respiração coerente. Pelo menos um minuto por prática.
One completed Calm practice per local calendar day, lasting at least 40 seconds. Missed days do not reset your progress.	Una práctica de Calma completada por día según la hora local, de al menos 40 segundos. Los días sin practicar no borran tu progreso.	Uma prática de Calma concluída por dia no horário local, com pelo menos 40 segundos. Dias sem praticar não apagam seu progresso.
One completed Sleep practice per local calendar day, lasting at least one minute. Any time of day counts.	Una práctica de Sueño completada por día según la hora local, de al menos un minuto. Cuenta a cualquier hora del día.	Uma prática de Sono concluída por dia no horário local, com pelo menos um minuto. Qualquer horário do dia conta.
Complete five Focus practices, lasting at least one minute each. Practice at your own pace.	Completa cinco prácticas de Concentración de al menos un minuto cada una. Practica a tu ritmo.	Complete cinco práticas de Foco de pelo menos um minuto cada. Pratique no seu ritmo.
Complete five different gentle in-app protocols, lasting at least 40 seconds each. Each protocol counts once.	Completa cinco protocolos suaves diferentes en la app, de al menos 40 segundos cada uno. Cada protocolo cuenta una vez.	Complete cinco protocolos suaves diferentes no app, com pelo menos 40 segundos cada. Cada protocolo conta uma vez.
Complete 14 gentle practices of at least one minute within 21 local calendar days. Rest days are welcome.	Completa 14 prácticas suaves de al menos un minuto en 21 días según la hora local. También hay espacio para descansar.	Complete 14 práticas suaves de pelo menos um minuto em 21 dias no horário local. Dias de descanso são bem-vindos.
CHALLENGE COMPLETE	DESAFÍO COMPLETADO	DESAFIO CONCLUÍDO
YOUR PROGRESS	TU PROGRESO	SEU PROGRESSO
View challenge	Ver desafío	Ver desafio
Discover challenge	Descubrir desafío	Conhecer desafio
View achievement	Ver logro	Ver conquista
Start challenge	Comenzar desafío	Começar desafio
SMALL STEPS. REAL PRACTICE.	PEQUEÑOS PASOS. PRÁCTICA REAL.	PEQUENOS PASSOS. PRÁTICA DE VERDADE.
Find your rhythm. Make it a habit.	Encuentra tu ritmo. Hazlo un hábito.	Encontre seu ritmo. Transforme em hábito.
IN PROGRESS	EN CURSO	EM ANDAMENTO
DISCOVER YOUR NEXT CHALLENGE	DESCUBRE TU PRÓXIMO DESAFÍO	DESCUBRA SEU PRÓXIMO DESAFIO
Challenge unavailable	Desafío no disponible	Desafio indisponível
Explore challenges	Explorar desafíos	Explorar desafios
INOUT PRO CHALLENGE	DESAFÍO INOUT PRO	DESAFIO INOUT PRO
FREE CHALLENGE	DESAFÍO GRATIS	DESAFIO GRÁTIS
Step {0} of {1}	Paso {0} de {1}	Etapa {0} de {1}
A FRESH START	UN NUEVO COMIENZO	UM NOVO COMEÇO
Your 21-day window has ended. Start again when it feels right.	Tu período de 21 días terminó. Vuelve a empezar cuando quieras.	Seu período de 21 dias terminou. Recomece quando quiser.
TODAY IS COMPLETE	HOY YA PRACTICASTE	HOJE VOCÊ JÁ PRATICOU
YOUR NEXT PRACTICE	TU PRÓXIMA PRÁCTICA	SUA PRÓXIMA PRÁTICA
You made space today. Return tomorrow for your next step.	Hoy te diste un espacio. Vuelve mañana para el siguiente paso.	Hoje você reservou um tempo para si. Volte amanhã para a próxima etapa.
Restart challenge	Reiniciar desafío	Recomeçar desafio
Start today's practice	Comenzar la práctica de hoy	Começar a prática de hoje
Share my progress	Compartir mi progreso	Compartilhar meu progresso
WHAT COUNTS	QUÉ CUENTA	O QUE CONTA
Only practices completed in the app after joining count. Manual entries and high-intensity practices are excluded.	Solo cuentan las prácticas completadas en la app después de unirte. No se incluyen registros manuales ni prácticas de alta intensidad.	Só contam as práticas concluídas no app depois de participar. Registros manuais e práticas de alta intensidade não são incluídos.
YOUR REWARD	TU RECOMPENSA	SUA RECOMPENSA
{0} badge	Insignia de {0}	Medalha de {0}
{0} badge earned	Ganaste la insignia de {0}	Você ganhou a medalha de {0}
YOUR PRACTICES	TUS PRÁCTICAS	SUAS PRÁTICAS
{0}. {1}	{0}. {1}	{0}. {1}
Breathe comfortably. Progress comes from practice, never from pushing your limits.	Respira con comodidad. El progreso viene de practicar, nunca de forzar tus límites.	Respire com conforto. O progresso vem da prática, nunca de forçar seus limites.
{0} / {1} practices	{0} / {1} prácticas	{0} / {1} práticas
{0} practices · {1} min	{0} prácticas · {1} min	{0} práticas · {1} min
Breathe. Practice. Repeat.	Respira. Practica. Repite.	Respire. Pratique. Repita.
Only this card is shared. Your name, photo, ratings and notes stay private.	Solo se comparte esta tarjeta. Tu nombre, foto, evaluaciones y notas siguen siendo privados.	Só este cartão é compartilhado. Seu nome, foto, avaliações e notas continuam privados.
Share app link	Compartir enlace de la app	Compartilhar link do app
Try a breathing challenge with IN/OUT.	Prueba un desafío de respiración con IN/OUT.	Experimente um desafio de respiração com IN/OUT.
You kept making space for yourself. This moment is yours.	Seguiste dándote un espacio. Este momento es tuyo.	Você continuou reservando um tempo para si. Este momento é seu.
Welcome,	Te damos la bienvenida,	Boas-vindas,
Welcome to InOut	Te damos la bienvenida a InOut	Boas-vindas ao InOut
A little space to breathe.	Un espacio para respirar.	Um espaço para respirar.
Breathe	Respira	Respire
Find your rhythm	Encuentra tu ritmo	Encontre seu ritmo
Quick reset	Pausa breve	Pausa rápida
Create	Crear	Criar
Saved practices	Prácticas guardadas	Práticas salvas
Create your rhythm	Crea tu ritmo	Crie seu ritmo
Learn breathing	Aprende a respirar	Aprenda a respirar
CHALLENGE	DESAFÍO	DESAFIO
Try your first challenge	Prueba tu primer desafío	Experimente seu primeiro desafio
Small steps. A habit that feels like you.	Pequeños pasos. Un hábito a tu manera.	Pequenos passos. Um hábito do seu jeito.
Continue challenge	Continuar desafío	Continuar desafio
DAY STREAK	DÍAS SEGUIDOS	DIAS SEGUIDOS
MINUTES THIS WEEK	MINUTOS ESTA SEMANA	MINUTOS NESTA SEMANA
THIS WEEK	ESTA SEMANA	NESTA SEMANA
Appearance & language	Apariencia e idioma	Aparência e idioma
Email preferences	Preferencias de correo	Preferências de e-mail
EXPERIENCE	EXPERIENCIA	EXPERIÊNCIA
PRACTICE	PRÁCTICA	PRÁTICA
LIBRARY	BIBLIOTECA	BIBLIOTECA
DATA	DATOS	DADOS
COMMUNICATION	COMUNICACIÓN	COMUNICAÇÃO
SUPPORT	AYUDA	SUPORTE
Saved practice	Práctica guardada	Prática salva
Foundations	Fundamentos	Fundamentos
Discovery	Descubrimiento	Descoberta
CHALLENGE BADGES	INSIGNIAS DE DESAFÍOS	MEDALHAS DE DESAFIOS
PRACTICE BADGES	INSIGNIAS DE PRÁCTICA	MEDALHAS DE PRÁTICA
More challenges for sleep, focus and consistent practice.	Más desafíos para descansar, concentrarte y practicar con constancia.	Mais desafios para descansar, focar e praticar com constância.
Session history will be removed from this phone. Saved routines, settings, challenge progress and earned badges will remain.	Se eliminará el historial de sesiones de este teléfono. Se conservarán las rutinas, los ajustes, el progreso de los desafíos y las insignias ganadas.	O histórico de sessões será removido deste celular. Rotinas salvas, configurações, progresso dos desafios e medalhas conquistadas serão mantidos.
