Session preferences	Preferencias de la sesión	Preferências da sessão
Guidance & sound	Guía y sonido	Orientação e som
How progress is counted	Cómo se calcula el progreso	Como o progresso é calculado
Practice details	Detalles de práctica	Detalhes da prática
{0} day	{0} día	{0} dia
{0} repeat	{0} repetición	{0} repetição
{0} saved pattern	{0} ritmo guardado	{0} ritmo salvo
{0} saved patterns	{0} ritmos guardados	{0} ritmos salvos
Best streak: {0}	Mejor racha: {0}	Maior sequência: {0}
Next milestone: {0}	Próxima meta: {0}	Próxima meta: {0}
This month: {0}	Este mes: {0}	Neste mês: {0}
{0} this day	{0} hoy	{0} hoje
{0} this week	{0} esta semana	{0} nesta semana
{0} this month	{0} este mes	{0} neste mês
{0} this year	{0} este año	{0} neste ano
Annual Pro	Pro anual	Pro anual
Monthly Pro	Pro mensual	Pro mensal
Demo — no charge	Demostración sin cobro	Demonstração sem cobrança
Breathe at your own pace	Respira a tu ritmo	Respire no seu ritmo
Choose a photo smaller than 12 MB.	Elige una foto de menos de 12 MB.	Escolha uma foto com menos de 12 MB.
Choose an available plan.	Elige uno de los planes disponibles.	Escolha um dos planos disponíveis.
Choose at least one protocol	Elige al menos un protocolo	Escolha pelo menos um protocolo
Demo Pro activated. No purchase or charge occurred.	Pro de demostración activado. No se realizó ninguna compra ni cobro.	Pro de demonstração ativado. Nenhuma compra ou cobrança foi realizada.
Gentle taps every two seconds: rest here	Pulsos suaves cada dos segundos: descansa	Pulsos suaves a cada dois segundos: descanse
Steady firm taps: breathe in	Pulsos firmes y regulares: inhala	Pulsos firmes e regulares: inspire
Steady light taps: breathe out	Pulsos suaves y regulares: exhala	Pulsos leves e regulares: expire
No active Pro subscription was found.	No se encontró una suscripción Pro activa.	Nenhuma assinatura Pro ativa foi encontrada.
Personal preferences could not be read. Your data has been preserved.	No se pudieron cargar tus preferencias. Tus datos se han conservado.	Não foi possível carregar suas preferências. Seus dados foram preservados.
Please choose a JPG, PNG or WebP photo.	Elige una foto JPG, PNG o WebP.	Escolha uma foto JPG, PNG ou WebP.
Pro access restored.	Acceso a Pro restaurado.	Acesso ao Pro restaurado.
Pro is active.	Pro está activo.	Pro está ativo.
Purchase cancelled. Nothing changed.	Compra cancelada. No se realizó ningún cambio.	Compra cancelada. Nada foi alterado.
Saved rewards could not be read. Your data has been preserved.	No se pudieron cargar tus recompensas. Tus datos se han conservado.	Não foi possível carregar suas conquistas. Seus dados foram preservados.
Saved routine could not be read. Your data has been preserved.	No se pudo cargar la rutina. Tus datos se han conservado.	Não foi possível carregar a rotina. Seus dados foram preservados.
Saved session could not be read. Your data has been preserved.	No se pudo cargar la sesión. Tus datos se han conservado.	Não foi possível carregar a sessão. Seus dados foram preservados.
Saved settings could not be read.	No se pudo cargar la configuración guardada.	Não foi possível carregar as configurações salvas.
Simulated store failure. No charge was made.	Error simulado de la tienda. No se realizó ningún cobro.	Erro simulado da loja. Nenhuma cobrança foi realizada.
The store has not activated Pro. Try restoring after the purchase finishes.	La tienda aún no ha activado Pro. Prueba restaurar la compra cuando haya terminado.	A loja ainda não ativou o Pro. Tente restaurar a compra quando ela for concluída.
This data needs a newer version of IN/OUT.	Necesitas una versión más reciente de IN/OUT para abrir estos datos.	Você precisa de uma versão mais recente do IN/OUT para abrir estes dados.
This store plan is unavailable. Refresh the plans.	Este plan no está disponible. Actualiza los planes.	Este plano está indisponível. Atualize os planos.
Invalid tension rating	Elige un nivel de tensión válido	Escolha um nível de tensão válido
A saved routine cannot change type.	No se puede cambiar el tipo de una rutina guardada.	Não é possível mudar o tipo de uma rotina salva.
Move up {0}	Subir elemento {0}	Mover item {0} para cima
Move down {0}	Bajar elemento {0}	Mover item {0} para baixo
Duplicate {0}	Duplicar elemento {0}	Duplicar item {0}
Remove {0}	Quitar elemento {0}	Remover item {0}
