privacy.0.title	Versión de desarrollo y alcance del lanzamiento	Versão de desenvolvimento e escopo do lançamento
privacy.0.body	Esta política describe una versión de desarrollo que prepara la versión comercial 1. Incluye adaptadores de suscripción de RevenueCat y de consentimiento y banners de Google AdMob. Sin configuración de las tiendas, los pagos no están disponibles en versiones de lanzamiento y se simulan sin cobro en desarrollo. Los anuncios nativos usan unidades de prueba de Google y solo se cargan tras una acción explícita. Los anuncios reales requieren el flujo de privacidad UMP. Esto no constituye la aceptación de las integraciones en producción. La política de privacidad y los términos de suscripción finales requieren revisión antes del lanzamiento.	Esta política descreve uma versão de desenvolvimento que prepara a versão comercial 1. Inclui adaptadores de assinatura do RevenueCat e de consentimento e banners do Google AdMob. Sem configuração das lojas, os pagamentos ficam indisponíveis nas versões de lançamento e são simulados sem cobrança no desenvolvimento. Os anúncios nativos usam unidades de teste do Google e só carregam após uma ação explícita. Os anúncios reais exigem o fluxo de privacidade UMP. Isso não constitui a aceitação das integrações em produção. A política de privacidade e os termos de assinatura finais exigem revisão antes do lançamento.
privacy.1.title	Tus datos de práctica	Seus dados de prática
privacy.1.body	IN/OUT guarda en este teléfono tu historial de sesiones, evaluaciones opcionales de tensión y efectos reportados, patrones personalizados, mezclas, favoritos, rituales, horarios de recordatorios, perfil y configuración. La foto de perfil que elijas se copia en los archivos locales de la app. No necesitas una cuenta. La comparación antes y después y las tendencias de práctica describen tus propios reportes, no mediciones biométricas ni de sensores.	O IN/OUT guarda neste celular seu histórico de sessões, avaliações opcionais de tensão e efeitos relatados, padrões personalizados, sequências, favoritos, rituais, horários de lembretes, perfil e configurações. A foto de perfil escolhida é copiada para os arquivos locais do app. Não é necessária uma conta. A comparação antes e depois e as tendências da prática descrevem seus próprios relatos, não medições biométricas ou de sensores.
privacy.2.title	Recopilación y uso compartido	Coleta e compartilhamento
privacy.2.body	El historial de práctica y las evaluaciones de tensión permanecen en el dispositivo y no se envían a publicidad ni analítica. Con las claves de las tiendas configuradas, RevenueCat y las tiendas procesan información de compras, acceso e identificadores de usuario para ofrecer suscripciones y restauración. Al revisar las opciones de privacidad publicitaria y cargar un anuncio nativo de prueba, los servicios de consentimiento y anuncios de Google reciben las solicitudes necesarias para prestar esos servicios. La publicidad de producción no está activada de forma predeterminada. El registro de eventos del desarrollador solo acepta nombres de eventos, no tiene un destino remoto de analítica y funciona únicamente en desarrollo. El audio y las fuentes están incluidos en la app. Al elegir Compartir resultado, el texto mostrado se envía al servicio que elijas; ese servicio recibe la copia compartida. Compartir un ejercicio envía los tiempos de respiración y las indicaciones de fosa nasal a una base de datos alojada en Supabase, sin nombres, evaluaciones ni notas. Cualquier persona con el enlace corto puede abrirlo hasta que caduque a los 30 días o su creador lo revoque. Revocarlo elimina el ritmo guardado e impide nuevas cargas; no borra las copias ya descargadas. Una clave de revocación independiente permanece en el teléfono del creador. Los servicios reciben la información habitual de las solicitudes de red. El ejercicio del navegador no guarda historial ni envía analítica.	O histórico de prática e as avaliações de tensão ficam no dispositivo e não são enviados para publicidade ou análise. Com as chaves das lojas configuradas, o RevenueCat e as lojas processam informações de compras, acesso e identificadores de usuário para oferecer assinaturas e restauração. Ao revisar as opções de privacidade de anúncios e carregar um anúncio nativo de teste, os serviços de consentimento e anúncios do Google recebem as solicitações necessárias para prestar esses serviços. A publicidade de produção não está ativada por padrão. O registro de eventos do desenvolvedor aceita apenas nomes de eventos, não tem destino remoto de análise e funciona somente no desenvolvimento. O áudio e as fontes estão incluídos no app. Ao escolher Compartilhar resultado, o texto mostrado é enviado ao serviço escolhido; esse serviço recebe a cópia compartilhada. Compartilhar um exercício envia os tempos de respiração e as orientações de narina a um banco de dados hospedado no Supabase, sem nomes, avaliações nem anotações. Qualquer pessoa com o link curto pode abri-lo até que expire após 30 dias ou seja revogado pelo criador. A revogação remove o ritmo salvo e impede novos carregamentos; ela não apaga cópias já baixadas. Uma chave de revogação separada fica no celular do criador. Os serviços recebem as informações habituais das solicitações de rede. O exercício no navegador não guarda histórico nem envia dados de análise.
privacy.3.title	Copias de seguridad y seguridad del dispositivo	Backups e segurança do dispositivo
privacy.3.body	El sistema operativo de tu teléfono puede incluir los datos de la app en copias de seguridad o transferencias, según tu configuración. Esas copias son gestionadas por tu plataforma o proveedor de respaldo. Los datos se guardan en el espacio privado de la app; IN/OUT no ofrece cifrado independiente de la base de datos ni recuperación en la nube. Cualquier persona con acceso a tu teléfono desbloqueado podría abrir tu historial.	O sistema operacional do seu celular pode incluir os dados do app em backups ou transferências, conforme suas configurações. Essas cópias são gerenciadas pela plataforma ou pelo provedor de backup. Os dados ficam no espaço privado do app; o IN/OUT não oferece criptografia separada do banco de dados nem recuperação na nuvem. Qualquer pessoa com acesso ao seu celular desbloqueado pode conseguir abrir seu histórico.
privacy.4.title	Conservación y eliminación	Retenção e exclusão
privacy.4.body	Los datos locales permanecen en la app hasta que los elimines o borres los datos de la aplicación. Elimina sesiones individuales en Historial y rutinas individuales en tu biblioteca. Configuración incluye Eliminar historial local y Eliminar todos los datos locales. Eliminar datos en IN/OUT no elimina copias que hayas compartido ni copias en respaldos del dispositivo. Gestionalas mediante los servicios correspondientes. Elimina los recordatorios en la pantalla Recordatorios. Eliminar todos los datos locales también cancela los recordatorios programados por IN/OUT. Revoca los enlaces de ejercicios en Enlaces compartidos antes de borrar los datos de la app. Borrar los datos locales no revoca los enlaces remotos; siguen accesibles hasta su vencimiento y se pierden sus controles de revocación locales. Los registros vencidos se eliminan durante la limpieza del servicio; las copias de seguridad del proveedor pueden conservar datos anteriores según sus políticas.	Os dados locais ficam no app até você excluí-los ou apagar os dados do aplicativo. Exclua sessões individuais no Histórico e rotinas individuais na biblioteca. Configurações inclui Excluir histórico local e Excluir todos os dados locais. Excluir dados no IN/OUT não remove cópias compartilhadas anteriormente nem cópias em backups do dispositivo. Gerencie essas cópias nos serviços correspondentes. Exclua os lembretes na tela Lembretes. Excluir todos os dados locais também cancela os lembretes agendados pelo IN/OUT. Revogue os links de exercícios em Links compartilhados antes de apagar os dados do app. Apagar os dados locais não revoga os links remotos; eles continuam acessíveis até expirarem e os controles locais de revogação são perdidos. Os registros expirados são removidos durante a limpeza do serviço; os backups do provedor podem reter cópias anteriores conforme suas políticas.
privacy.5.title	Soporte y servicios de la plataforma	Suporte e serviços da plataforma
privacy.5.body	Si contactas a soporte, recibimos lo que elijas enviar, como tu correo y la descripción del problema. No incluyas información médica ni evaluaciones de tensión salvo que sean necesarias para tu solicitud. Usamos la correspondencia para responderte y resolver el problema, y la conservamos solo mientras sea necesario para ese fin o por obligaciones aplicables. Las tiendas y los sistemas operativos pueden procesar por separado información de instalación, descarga o diagnóstico según sus propias políticas.	Se você contatar o suporte, recebemos o que escolher enviar, como seu e-mail e a descrição do problema. Não inclua informações médicas nem avaliações de tensão, a menos que sejam necessárias para sua solicitação. Usamos a correspondência para responder e resolver o problema, mantendo-a apenas pelo tempo necessário para esse fim ou por obrigações aplicáveis. As lojas e os sistemas operacionais podem processar separadamente informações de instalação, download ou diagnóstico conforme suas próprias políticas.
privacy.6.title	Permisos y cambios	Permissões e mudanças
privacy.6.body	IN/OUT no solicita acceso al micrófono, cámara, ubicación, contactos ni sensores de salud. Al elegir una foto de perfil opcional, se abre el selector de fotos del teléfono. Activar un recordatorio solicita permiso para enviar notificaciones; el sistema operativo gestiona su entrega y puede retrasarla. Las notificaciones usan un mensaje neutro sin tu nombre, nombre del ritual ni evaluaciones. El audio, la vibración y la pantalla activa se controlan en Configuración. Actualizamos esta política cuando cambian nuestras prácticas de datos.	O IN/OUT não solicita acesso ao microfone, câmera, localização, contatos ou sensores de saúde. Ao escolher uma foto de perfil opcional, o seletor de fotos do celular é aberto. Ativar um lembrete solicita permissão para enviar notificações; o sistema operacional gerencia a entrega e pode atrasá-la. As notificações usam uma mensagem neutra, sem seu nome, nome do ritual ou avaliações. O áudio, a vibração e a tela ativa são controlados em Configurações. Atualizamos esta política quando nossas práticas de dados mudam.
privacy.7.title	Sitio público de privacidad y soporte	Site público de privacidade e suporte
privacy.7.body	Las páginas públicas de privacidad y soporte se alojan en Vercel. Al abrirlas se envían solicitudes web normales, que pueden incluir tu dirección IP e información del navegador, a ese proveedor. Estas páginas no usan analítica, cookies ni publicidad de IN/OUT. Los textos de privacidad y ayuda incluidos en la app pueden leerse sin conexión y sin abrir el sitio web.	As páginas públicas de privacidade e suporte são hospedadas no Vercel. Ao abri-las, solicitações web normais, que podem incluir seu endereço IP e informações do navegador, são enviadas ao provedor. Essas páginas não usam análise, cookies ou publicidade do IN/OUT. Os textos de privacidade e ajuda incluídos no app podem ser lidos sem conexão e sem abrir o site.
safety.0.title	Bienestar, no atención médica	Bem-estar, não atendimento médico
safety.0.body	IN/OUT es una herramienta de práctica respiratoria, no un dispositivo médico. No diagnostica, trata, cura ni previene ninguna enfermedad. No se garantizan resultados. Consulta a un profesional de salud calificado si tienes dudas sobre si una práctica respiratoria es adecuada para ti.	O IN/OUT é uma ferramenta de prática respiratória, não um dispositivo médico. Não diagnostica, trata, cura nem previne qualquer condição médica. Os resultados não são garantidos. Consulte um profissional de saúde qualificado se tiver dúvidas sobre a adequação de uma prática respiratória para você.
safety.1.title	Mantén la comodidad	Mantenha o conforto
safety.1.body	Practica sentado o recostado en un lugar seguro. Respira suavemente sin forzar la profundidad ni la velocidad. Las pausas son opcionales: vuelve a respirar naturalmente cuando lo necesites. El temporizador es una guía, no una meta que debas alcanzar a la fuerza.	Pratique sentado ou deitado em um lugar seguro. Respire suavemente sem forçar a profundidade ou a velocidade. As pausas são opcionais: volte a respirar naturalmente quando precisar. O cronômetro é uma orientação, não uma meta a alcançar à força.
safety.2.title	Detente cuando lo necesites	Pare quando precisar
safety.2.body	Si sientes mareo, debilidad o malestar, usa Me siento mal para pausar la guía de inmediato; luego finaliza la sesión y respira naturalmente. Busca ayuda médica si los síntomas son graves o persistentes. La app no es un servicio de emergencias.	Se sentir tontura, fraqueza ou mal-estar, use Estou me sentindo mal para pausar a guia imediatamente; depois encerre a sessão e respire naturalmente. Procure ajuda médica se os sintomas forem graves ou persistentes. O app não é um serviço de emergência.
safety.3.title	Elige un lugar seguro	Escolha um lugar seguro
safety.3.body	No hagas ejercicios de respiración al conducir, operar maquinaria, nadar, bañarte ni en el agua o cerca de ella. No compitas reteniendo la respiración. La respiración cíclica de alta intensidad requiere una confirmación de seguridad antes de cada práctica.	Não faça exercícios de respiração ao dirigir, operar máquinas, nadar, tomar banho ou na água ou perto dela. Não use a retenção da respiração como competição. A respiração cíclica de alta intensidade exige uma confirmação de segurança antes de cada prática.
support.0.title	Mi sesión se pausó	Minha sessão foi pausada
support.0.body	Cambiar de app, bloquear la pantalla y las interrupciones de audio compatibles pausan la guía. Vuelve a la sesión y elige Continuar, Reiniciar o Finalizar sesión. Tras un cierre forzado, la app recupera el último punto guardado y espera a que continúes.	Trocar de app, bloquear a tela e interrupções de áudio compatíveis pausam a guia. Volte à sessão e escolha Retomar, Reiniciar ou Encerrar sessão. Após um fechamento forçado, o app recupera o último ponto salvo e espera você retomar.
support.1.title	No escucho la guía	Não ouço a orientação
support.1.body	Elige Sonidos de respiración o Voz y respiración en Configuración. Revisa el volumen del teléfono, los audífonos y el interruptor de silencio del iPhone. El audio respeta el modo silencio. La vibración puede estar limitada por tu dispositivo o configuración del sistema.	Escolha Sons de respiração ou Voz e respiração em Configurações. Confira o volume do celular, os fones e o botão de silêncio do iPhone. O áudio respeita o modo silencioso. A vibração pode ser limitada pelo dispositivo ou pelas configurações do sistema.
support.2.title	¿Puedo usar IN/OUT sin conexión?	Posso usar o IN/OUT sem conexão?
support.2.body	Sí. Los protocolos, rutinas personalizadas, sesiones, valoraciones antes y después e historial funcionan sin conexión. Compartir mediante otro servicio y contactar a soporte pueden requerir acceso a internet.	Sim. Protocolos, rotinas personalizadas, sessões, avaliações antes e depois e histórico funcionam sem conexão. Compartilhar por outro serviço e contatar o suporte podem exigir acesso à internet.
support.3.title	¿Dónde están mis rutinas?	Onde estão minhas rotinas?
support.3.body	Abre Crear y luego Ritmos guardados o Mezclas guardadas. Usa Guardar rutina en el editor para conservar una rutina en este teléfono. Editar o eliminar una rutina guardada no cambia las sesiones anteriores.	Abra Criar e depois Ritmos salvos ou Sequências salvas. Use Salvar rotina no editor para guardar uma rotina neste celular. Editar ou excluir uma rotina salva não altera as sessões anteriores.
support.4.title	Cambiar de teléfono o eliminar datos	Trocar de celular ou excluir dados
support.4.body	Esta versión no tiene cuentas de IN/OUT ni sincronización en la nube. Los respaldos y transferencias dependen del sistema operativo. Eliminar los datos de la app puede borrar permanentemente tu historial y rutinas. Eliminar todos los datos locales en Configuración restablece la app, incluida cualquier sesión interrumpida.	Esta versão não tem conta do IN/OUT nem sincronização na nuvem. Os backups e transferências dependem do sistema operacional. Apagar os dados do app pode remover permanentemente seu histórico e suas rotinas. Excluir todos os dados locais em Configurações redefine o app, incluindo qualquer sessão interrompida.
support.5.title	Pro, restauración y publicidad de prueba	Pro, restauração e publicidade de teste
support.5.body	Abre Configuración y luego Pro y suscripciones. Las compras de demostración están claramente identificadas y no cobran dinero. En una versión nativa configurada, las compras y restauraciones usan tu cuenta de App Store o Google Play. Eliminar los datos locales de práctica no cancela una suscripción de la tienda. Gestiona la cancelación en la tienda. Los banners nativos usan unidades de prueba de Google; Expo Go no puede mostrar el SDK publicitario nativo. Los protocolos básicos siguen disponibles sin comprar.	Abra Configurações e depois Pro e assinaturas. As compras de demonstração são claramente identificadas e não cobram dinheiro. Em uma versão nativa configurada, as compras e restaurações usam sua conta da App Store ou Google Play. Excluir os dados locais de prática não cancela uma assinatura da loja. Gerencie o cancelamento na loja. Os banners nativos usam unidades de teste do Google; Expo Go não pode exibir o SDK nativo de anúncios. Os protocolos básicos continuam disponíveis sem compra.
privacy.8.title	Acceso para revisión y datos publicitarios	Acesso para avaliação e dados de publicidade
privacy.8.body	El acceso opcional para revisión envía un código y un identificador aleatorio de instalación a nuestro servicio de Supabase mediante HTTPS. El servicio comprueba el hash del código y guarda hashes de los identificadores de instalación y de acceso, su vencimiento y estado de revocación. Nuestra función no registra ni guarda códigos en texto sin cifrar. El permiso temporal se guarda en el almacenamiento protegido del dispositivo y funciona sin conexión por un máximo de una hora, sin superar su vencimiento aprobado. El restablecimiento local elimina este acceso; en iOS, el almacenamiento protegido puede persistir tras reinstalar. Los registros vencidos del servidor se eliminan en solicitudes posteriores; los registros y respaldos del proveedor tienen otra retención. AdMob puede procesar ubicación aproximada derivada de la IP, identificadores del dispositivo, interacciones con anuncios y diagnósticos para publicidad, medición y prevención del fraude, incluso con anuncios no personalizados. El acceso Pro impide solicitar anuncios. La analítica remota de producto de IN/OUT sigue desactivada; los proveedores de pagos y publicidad sí procesan datos de sus servicios.	O acesso opcional para avaliação envia um código e um identificador aleatório de instalação ao nosso serviço Supabase por HTTPS. O serviço verifica o hash do código e armazena hashes dos identificadores de instalação e de acesso, a validade e o estado de revogação. Nossa função não registra nem armazena códigos em texto simples. A autorização temporária fica no armazenamento protegido do dispositivo e funciona offline por no máximo uma hora, sem ultrapassar sua validade aprovada. Redefinir os dados locais remove esse acesso; no iOS, o armazenamento protegido pode permanecer após a reinstalação. Os registros expirados no servidor são excluídos em solicitações posteriores; logs e backups do provedor têm outra retenção. O AdMob pode processar localização aproximada derivada do IP, identificadores do dispositivo, interações com anúncios e diagnósticos para publicidade, medição e prevenção de fraudes, mesmo com anúncios não personalizados. O acesso Pro impede solicitações de anúncios. A análise remota de produto do IN/OUT continua desativada; os provedores de pagamentos e publicidade ainda processam dados de seus serviços.
