Cyclic hyperventilation with retention	Hiperventilación cíclica con retención	Hiperventilação cíclica com retenção
Each round: 30 deep, unforced breaths, an optional hold after exhaling, one recovery inhale with a brief hold, then natural breathing. Choose 1–3 rounds.	Cada ronda: 30 respiraciones profundas sin forzar, una retención opcional al exhalar, una inhalación de recuperación con una retención breve y luego respiración natural. Elige de 1 a 3 rondas.	Cada rodada: 30 respirações profundas sem forçar, uma retenção opcional após expirar, uma inspiração de recuperação com uma breve retenção e depois respiração natural. Escolha de 1 a 3 rodadas.
Retention is capped at 60 seconds and the recovery hold at 15 seconds. These are limits, not targets: breathe as soon as you need to. End either hold with the on-screen button.	La retención tiene un límite de 60 segundos y la pausa de recuperación, de 15 segundos. Son límites, no metas: respira en cuanto lo necesites. Puedes terminar cualquiera de las retenciones con el botón en pantalla.	A retenção tem um limite de 60 segundos e a pausa de recuperação, de 15 segundos. São limites, não metas: respire assim que precisar. Você pode encerrar qualquer retenção com o botão na tela.
HIGH-INTENSITY BREATHING	RESPIRACIÓN DE ALTA INTENSIDAD	RESPIRAÇÃO DE ALTA INTENSIDADE
This practice can cause dizziness or fainting. Stay seated or lying down in a safe place. Never practice in or near water, while driving, standing, or operating machinery. Do not combine it with cold exposure.	Esta práctica puede causar mareos o desmayos. Permanece sentado o acostado en un lugar seguro. Nunca la hagas en el agua o cerca de ella, mientras conduces, de pie o al operar maquinaria. No la combines con exposición al frío.	Esta prática pode causar tontura ou desmaio. Fique sentado ou deitado em um local seguro. Nunca pratique dentro ou perto da água, dirigindo, em pé ou operando máquinas. Não combine com exposição ao frio.
Do not practice during pregnancy or with epilepsy. If you have a heart or blood-pressure condition, a history of fainting or stroke, recent surgery, panic attacks, or another significant medical condition, seek medical guidance first.	No practiques durante el embarazo ni si tienes epilepsia. Si tienes una enfermedad cardíaca, problemas de presión arterial, antecedentes de desmayos o accidente cerebrovascular, una cirugía reciente, ataques de pánico u otra condición médica importante, consulta primero a un profesional de salud.	Não pratique durante a gravidez ou se tiver epilepsia. Se você tem uma doença cardíaca, problemas de pressão arterial, histórico de desmaio ou AVC, cirurgia recente, crises de pânico ou outra condição médica importante, procure orientação médica antes.
Never force a breath or hold. Stop and breathe naturally if you feel dizzy, faint, anxious or unwell. Longer holds are not better.	Nunca fuerces la respiración ni las retenciones. Detente y respira con naturalidad si sientes mareos, debilidad, ansiedad o malestar. Retener por más tiempo no es mejor.	Nunca force a respiração nem as retenções. Pare e respire naturalmente se sentir tontura, fraqueza, ansiedade ou mal-estar. Retenções mais longas não são melhores.
I have read the precautions and I am in a safe place	Leí las precauciones y estoy en un lugar seguro	Li as precauções e estou em um local seguro
Breaths · Retention · Recovery	Respiraciones · Retención · Recuperación	Respirações · Retenção · Recuperação
Up to {0} · {1} rounds	Hasta {0} · {1} rondas	Até {0} · {1} rodadas
Up to {0} · 1 round	Hasta {0} · 1 ronda	Até {0} · 1 rodada
Round {0} of {1}	Ronda {0} de {1}	Rodada {0} de {1}
Breath {0} of 30	Respiración {0} de 30	Respiração {0} de 30
Optional retention	Retención opcional	Retenção opcional
Recovery breath	Respiración de recuperación	Respiração de recuperação
Breathe in now	Inhalar ahora	Inspirar agora
Release now	Exhalar ahora	Soltar o ar agora
Breathe as soon as you need to. The timer is a limit, not a target.	Respira en cuanto lo necesites. El temporizador indica un límite, no una meta.	Respire assim que precisar. O temporizador indica um limite, não uma meta.
Deep, unforced inhale. Let the exhale go without pushing.	Inhala profundo sin forzar. Deja salir el aire sin empujar.	Inspire profundamente sem forçar. Deixe o ar sair sem empurrar.
Choose 1–3 rounds.	Elige de 1 a 3 rondas.	Escolha de 1 a 3 rodadas.
ROUNDS	RONDAS	RODADAS
Safety confirmation is required each time.	Debes confirmar las precauciones cada vez.	É preciso confirmar as precauções a cada prática.
Up to {0} remaining	Quedan hasta {0}	Restam até {0}
Warm ivory, crisp white & soft color	Marfil cálido, blanco y colores suaves	Marfim aconchegante, branco e cores suaves
Cyclic Breathwork	Respiración cíclica	Respiração cíclica
ABOUT THIS PRACTICE	SOBRE ESTA PRÁCTICA	SOBRE ESTA PRÁTICA
An intense sequence of repeated deep breaths and optional retention. Start with a gentle protocol if you are new to breathing practice.	Una secuencia intensa de respiraciones profundas repetidas y retención opcional. Empieza con un protocolo suave si no tienes experiencia.	Uma sequência intensa de respirações profundas repetidas e retenção opcional. Comece com um protocolo suave se você está começando.
