Optional check-in. You can skip it and start breathing.	Este registro es opcional. Puedes omitirlo y empezar a respirar.	Este registro é opcional. Você pode pular e começar a respirar.
Include my tension change when sharing	Incluir mi cambio de tensión al compartir	Incluir minha mudança de tensão ao compartilhar
Sharing includes your practice name and duration. Tension ratings stay private unless you choose to include them.	Se comparten el nombre y la duración de tu práctica. Tus niveles de tensión se mantienen privados, a menos que decidas incluirlos.	O compartilhamento inclui o nome e a duração da sua prática. Seus níveis de tensão ficam privados, a menos que você escolha incluí-los.

Weekly Pro	Pro semanal	Pro semanal
Yearly Pro	Pro anual	Pro anual
TEST STORE	TIENDA DE PRUEBA	LOJA DE TESTE
RevenueCat Test Store. No real charge or store subscription.	Tienda de prueba de RevenueCat. Sin cobros ni suscripción real.	Loja de teste da RevenueCat. Sem cobrança ou assinatura real.
Introductory price: {0} / {1}, for {2} billing periods.	Precio introductorio: {0} / {1}, durante {2} períodos de facturación.	Preço introdutório: {0} / {1}, por {2} períodos de cobrança.
{0} week	{0} semana	{0} semana
{0} weeks	{0} semanas	{0} semanas
{0} month	{0} mes	{0} mês
{0} months	{0} meses	{0} meses
{0} year	{0} año	{0} ano
{0} years	{0} años	{0} anos
Online help & support	Ayuda y soporte en línea	Ajuda e suporte online
Online safety information	Información de seguridad en línea	Informações de segurança online
