Language	Idioma	Idioma
Choose your language. You can change it anytime.	Elige tu idioma. Puedes cambiarlo cuando quieras.	Escolha seu idioma. Você pode mudar quando quiser.
Today	Hoy	Hoje
Protocols	Protocolos	Protocolos
Custom	Crear	Criar
Progress	Progreso	Progresso
Settings	Configuración	Configurações
Profile	Perfil	Perfil
Protocol	Protocolo	Protocolo
Safety	Seguridad	Segurança
Privacy	Privacidad	Privacidade
History	Historial	Histórico
Sound	Sonido	Som
Calm	Calma	Calma
Focus	Concentración	Foco
Perform	Rendimiento	Desempenho
Recover	Recuperación	Recuperação
Sleep	Sueño	Sono
Energize	Energía	Energia
All	Todo	Tudo
Free	Gratis	Grátis
Breathe for what's next.	Respira para lo que viene.	Respire para o que vem a seguir.
A moment for myself	Un momento para mí	Um momento para mim
What do you need?	¿Qué necesitas?	Do que você precisa?
My practice profile	Mi perfil	Meu perfil
My rituals	Mis rituales	Meus rituais
Your week	Tu semana	Sua semana
Find a calmer rhythm	Encuentra un ritmo más tranquilo	Encontre um ritmo mais tranquilo
Clear the mental noise	Despeja tu mente	Acalme a mente
Find steady composure	Prepárate con calma	Prepare-se com calma
Return to an easy rhythm	Vuelve a un ritmo tranquilo	Volte a um ritmo tranquilo
Wind down for rest	Prepárate para descansar	Prepare-se para descansar
Wake up with intention	Despierta con intención	Desperte com intenção
Recommended for	Recomendado para	Recomendado para
Recommended for this moment	Recomendado para este momento	Recomendado para este momento
Return to paused session	Volver a la sesión pausada	Voltar à sessão pausada
Finish your State Shift	Completar mi valoración	Concluir minha avaliação
Two inhales, one long exhale	Dos inhalaciones, una exhalación larga	Duas inspirações, uma expiração longa
Two inhales. One long release.	Dos inhalaciones. Una exhalación larga.	Duas inspirações. Uma expiração longa.
Physiological Sigh	Suspiro fisiológico	Suspiro fisiológico
Box Breathing	Respiración cuadrada	Respiração quadrada
Coherent Breathing	Respiración coherente	Respiração coerente
Extended Exhale	Exhalación prolongada	Expiração prolongada
4-7-8 Breathing	Respiración 4-7-8	Respiração 4-7-8
Diaphragmatic Breathing	Respiración diafragmática	Respiração diafragmática
Equal Breathing	Respiración equilibrada	Respiração equilibrada
Nadi Shodhana	Nadi Shodhana	Nadi Shodhana
Bhramari	Bhramari	Bhramari
Inhale	Inhala	Inspire
Exhale	Exhala	Expire
Hold	Pausa	Segure
Hum	Zumbido	Zumbido
Rest	Descansa	Descanse
Top up	Inhala un poco más	Inspire um pouco mais
Breathe naturally	Respira naturalmente	Respire naturalmente
Sip in a little more	Inhala un poco más	Inspire um pouco mais
Let the breath flow in	Deja entrar el aire	Deixe o ar entrar
Let the breath flow out	Deja salir el aire	Deixe o ar sair
A small, gentle top-up	Una pequeña inhalación suave	Uma pequena inspiração suave
Hum softly as you breathe out	Exhala con un zumbido suave	Expire fazendo um zumbido suave
Rest here without straining	Descansa sin forzar	Descanse sem forçar
Let your breathing settle naturally	Deja que tu respiración se calme naturalmente	Deixe sua respiração se acalmar naturalmente
Breathe naturally while paused	Respira naturalmente durante la pausa	Respire naturalmente durante a pausa
Active session	Sesión activa	Sessão ativa
Session complete	Sesión completa	Sessão concluída
Session ended	Sesión finalizada	Sessão encerrada
Session unavailable	Sesión no disponible	Sessão indisponível
Session saved	Sesión guardada	Sessão salva
Session saved!	¡Sesión guardada!	Sessão salva!
Pause	Pausar	Pausar
Paused	En pausa	Em pausa
Resume	Continuar	Retomar
End session	Finalizar sesión	Encerrar sessão
I feel unwell	Me siento mal	Estou me sentindo mal
End this session?	¿Finalizar esta sesión?	Encerrar esta sessão?
Your elapsed time will be saved as an ended session.	El tiempo transcurrido se guardará como una sesión finalizada.	O tempo decorrido será salvo como uma sessão encerrada.
Keep paused	Mantener en pausa	Manter em pausa
Stop and breathe naturally	Detente y respira naturalmente	Pare e respire naturalmente
Let go of the pacing. Sit or lie somewhere safe. Do not push through discomfort.	Deja de seguir el ritmo. Siéntate o recuéstate en un lugar seguro. No sigas si sientes molestias.	Pare de seguir o ritmo. Sente-se ou deite-se em um lugar seguro. Não continue se sentir desconforto.
Paused. Continue when you are ready.	En pausa. Continúa cuando quieras.	Em pausa. Continue quando quiser.
Session paused after an interruption. Breathe naturally, then resume or restart.	La sesión se pausó tras una interrupción. Respira naturalmente y luego continúa o reinicia.	A sessão foi pausada após uma interrupção. Respire naturalmente e depois retome ou reinicie.
Breathe comfortably. Follow the guide without forcing.	Respira cómodamente. Sigue la guía sin forzar.	Respire confortavelmente. Siga a orientação sem forçar.
Restart from the beginning	Reiniciar desde el principio	Reiniciar do começo
Restart session?	¿Reiniciar la sesión?	Reiniciar a sessão?
The current attempt will reset to cycle 1.	La sesión actual volverá al ciclo 1.	A sessão atual voltará ao ciclo 1.
Restart	Reiniciar	Reiniciar
Audio & haptics	Audio y vibración	Áudio e vibração
Next:	Siguiente:	A seguir:
Cycle	Ciclo	Ciclo
Cycles	Ciclos	Ciclos
Nostril	Fosa nasal	Narina
left	izquierda	esquerda
right	derecha	direita
Cadence	Ritmo	Ritmo
Before you start	Antes de empezar	Antes de começar
Follow each phase gently and stop if you feel dizzy, faint or unwell.	Sigue cada fase suavemente y detente si sientes mareo, debilidad o malestar.	Siga cada fase suavemente e pare se sentir tontura, fraqueza ou mal-estar.
Sit comfortably. Breathe without forcing. Stop if you feel dizzy, faint or unwell.	Siéntate cómodamente. Respira sin forzar. Detente si sientes mareo, debilidad o malestar.	Sente-se confortavelmente. Respire sem forçar. Pare se sentir tontura, fraqueza ou mal-estar.
Keep holds comfortable. Never strain, compete with the timer, or push through air hunger.	Mantén las pausas cómodas. No fuerces, no compitas con el temporizador ni continúes si te falta el aire.	Mantenha as pausas confortáveis. Não force, não compita com o cronômetro nem continue se sentir falta de ar.
The timings are a guide, not a target to push through.	Los tiempos son una guía, no una meta que debas alcanzar a la fuerza.	Os tempos são uma orientação, não uma meta a alcançar à força.
Start practice	Empezar práctica	Iniciar prática
Start a practice	Empezar una práctica	Iniciar uma prática
Start routine	Empezar rutina	Iniciar rotina
Save routine	Guardar rutina	Salvar rotina
Saved routine	Rutina guardada	Rotina salva
Browse protocols	Ver protocolos	Ver protocolos
Not in this release.	No disponible en esta versión.	Não disponível nesta versão.
Coming soon	Próximamente	Em breve
Seconds	Segundos	Segundos
Minutes	Minutos	Minutos
Hours	Horas	Horas
sec	seg	seg
Short practice	Práctica breve	Prática breve
Easy, balanced rhythm	Ritmo suave y equilibrado	Ritmo suave e equilibrado
Downshift gently	Baja el ritmo	Desacelere aos poucos
Prepare for sleep	Prepárate para dormir	Prepare-se para dormir
Quiet mental focus	Calma para concentrarte	Calma para se concentrar
Steady concentration	Concentración constante	Concentração constante
Alternate and settle	Alterna y relájate	Alterne e relaxe
Room to recharge	Un espacio para recuperarte	Um espaço para se recuperar
Soften tension	Alivia la tensión	Alivie a tensão
More calm	Más calma	Mais calma
More energized	Más energía	Mais energia
Energize your body	Dale energía a tu cuerpo	Dê energia ao seu corpo
Calm now	Calma ahora	Calma agora
State Shift	Antes y después	Antes e depois
State Shift · pre	Antes de respirar	Antes de respirar
State Shift · post	Después de respirar	Depois de respirar
State Shift · self-reported	Antes y después · tu valoración	Antes e depois · sua avaliação
Current state	Cómo te sientes	Como você está
How tense are you right now?	¿Cuánta tensión sientes?	Quanta tensão você está sentindo?
How tense are you now?	¿Cuánta tensión sientes ahora?	E agora, quanta tensão você sente?
Before the practice	Antes de la práctica	Antes da prática
After the practice	Después de la práctica	Depois da prática
Before	Antes	Antes
After	Después	Depois
Self-reported	Tu valoración	Sua avaliação
Self-reported tension · 1–10	Tu nivel de tensión · 1–10	Seu nível de tensão · 1–10
Self-reported. Takes 1–2 seconds.	Tu valoración. Solo toma unos segundos.	Sua avaliação. Leva só alguns segundos.
1 · Very relaxed	1 · Muy relajado	1 · Muito relaxado
10 · Very tense	10 · Mucha tensión	10 · Muita tensão
A quick self-report. There is no right answer.	Una autoevaluación breve. No hay una respuesta correcta.	Uma autoavaliação breve. Não existe resposta certa.
This is your own assessment, not a biometric measurement.	Es tu propia evaluación, no una medición biométrica.	É sua própria avaliação, não uma medição biométrica.
Skip rating & start	Omitir evaluación y empezar	Pular avaliação e começar
Skip & save session	Omitir y guardar sesión	Pular e salvar sessão
See my State Shift	Ver mi resultado	Ver meu resultado
What did you notice? · optional	¿Qué notaste? · opcional	O que você percebeu? · opcional
Calmer	Más calma	Mais calma
Clearer	Más claridad	Mais clareza
No change	Sin cambios	Sem mudança
Worse	Peor	Pior
Done · view history	Listo · ver historial	Concluir · ver histórico
Share result	Compartir resultado	Compartilhar resultado
Do it again	Repetir	Repetir
Stopped for discomfort. Breathe naturally and rest.	Te detuviste por malestar. Respira naturalmente y descansa.	Você parou por desconforto. Respire naturalmente e descanse.
Tension unchanged	La tensión no cambió	A tensão não mudou
State Shift not recorded	Sin valoración antes y después	Sem avaliação antes e depois
Session length	Duración de la sesión	Duração da sessão
Your guidance.	A tu manera.	Do seu jeito.
Plan & privacy	Plan y privacidad	Plano e privacidade
Your practice	Tu práctica	Sua prática
Your library	Tu biblioteca	Sua biblioteca
Local data	Datos locales	Dados locais
Help & privacy	Ayuda y privacidad	Ajuda e privacidade
Open Profile	Abrir perfil	Abrir perfil
Personalize my experience	Personalizar	Personalizar
Breathing haptics	Vibración al respirar	Vibração ao respirar
Keep screen awake	Mantener pantalla encendida	Manter a tela ligada
View saved routines	Ver rutinas guardadas	Ver rotinas salvas
View history & progress	Ver historial y progreso	Ver histórico e progresso
Breathing safety	Seguridad al respirar	Segurança ao respirar
Breathe comfortably. Stop if dizzy, faint, or unwell. Never practice while driving, operating machinery, swimming, bathing, or near water.	Respira cómodamente. Detente si sientes mareo, debilidad o malestar. Nunca practiques al conducir, operar maquinaria, nadar, bañarte ni cerca del agua.	Respire confortavelmente. Pare se sentir tontura, fraqueza ou mal-estar. Nunca pratique ao dirigir, operar máquinas, nadar, tomar banho ou perto da água.
State Shift ratings are private, self-reported notes, not biometric measurements.	Las evaluaciones de antes y después son notas privadas de autoevaluación, no mediciones biométricas.	As avaliações de antes e depois são anotações privadas de autoavaliação, não medições biométricas.
Your routines, preferences, and history are stored on this phone. Clearing history cannot be undone.	Tus rutinas, preferencias e historial se guardan en este teléfono. No se puede deshacer la eliminación del historial.	Suas rotinas, preferências e histórico ficam neste celular. Não é possível desfazer a exclusão do histórico.
Delete local history	Eliminar historial local	Excluir histórico local
Delete local history?	¿Eliminar el historial local?	Excluir o histórico local?
All completed and ended sessions will be removed from this phone. Saved routines, settings and earned badges will remain.	Se eliminarán todas las sesiones completas y finalizadas de este teléfono. Se conservarán las rutinas, la configuración y las insignias obtenidas.	Todas as sessões concluídas e encerradas serão removidas deste celular. As rotinas, configurações e medalhas conquistadas serão mantidas.
Delete history	Eliminar historial	Excluir histórico
Delete all local data	Eliminar todos los datos locales	Excluir todos os dados locais
Delete all local data?	¿Eliminar todos los datos locales?	Excluir todos os dados locais?
This permanently removes sessions, ratings, routines, favorites and settings on this phone, including the current session.	Esto elimina permanentemente las sesiones, evaluaciones, rutinas, favoritos y configuración de este teléfono, incluida la sesión actual.	Isso exclui permanentemente as sessões, avaliações, rotinas, favoritos e configurações deste celular, incluindo a sessão atual.
Delete everything	Eliminar todo	Excluir tudo
Photo cleanup failed	No se pudieron eliminar las fotos	Não foi possível excluir as fotos
Please retry deleting local data to remove profile photos.	Vuelve a eliminar los datos locales para quitar las fotos de perfil.	Tente excluir os dados locais novamente para remover as fotos de perfil.
Help & support	Ayuda y soporte	Ajuda e suporte
Privacy policy	Política de privacidad	Política de privacidade
Version	Versión	Versão
Offline-first breathing practice	Práctica de respiración sin conexión	Prática de respiração sem conexão
Breath sounds	Sonidos de respiración	Sons de respiração
Voice + breath	Voz y sonido	Voz e som
Silent	Silencio	Silencioso
Air	Aire	Ar
Ocean	Océano	Oceano
Warm	Suave	Suave
Guidance volume	Volumen de la guía	Volume da orientação
Completion chime	Sonido al terminar	Som de conclusão
Celebration volume	Volumen de celebración	Volume da celebração
Stop preview	Detener muestra	Parar prévia
Preview breath sounds · 6 sec	Escuchar muestra · 6 s	Ouvir prévia · 6 s
Preview chime	Escuchar sonido	Ouvir som
Preview unavailable. Try again.	Muestra no disponible. Inténtalo de nuevo.	Prévia indisponível. Tente novamente.
Preview stopped. Tap preview when you're ready.	La muestra se detuvo. Toca para escucharla cuando quieras.	A prévia parou. Toque para ouvir quando quiser.
Inhale, a quiet hold, exhale, then rest. Preview uses a short sample rhythm. During practice, sound follows your protocol.	Inhala, haz una pausa silenciosa, exhala y descansa. La muestra usa un ritmo breve. Durante la práctica, el sonido sigue tu protocolo.	Inspire, faça uma pausa silenciosa, expire e descanse. A prévia usa um ritmo breve. Durante a prática, o som segue seu protocolo.
Silent mode mutes all sounds. Quiet celebrations mute reward sounds and touch. Previews play only when requested. Audio respects your phone volume and silent switch.	El modo silencio desactiva todos los sonidos. Las celebraciones discretas no emiten sonidos ni vibraciones. Las muestras se reproducen solo cuando las solicitas. El audio respeta el volumen y el modo silencio del teléfono.	O modo silencioso desativa todos os sons. As celebrações discretas não emitem sons nem vibrações. As prévias tocam apenas quando solicitadas. O áudio respeita o volume e o modo silencioso do celular.
bell	campana	sino
bloom	florecer	florescer
off	desactivado	desativado
Cancel	Cancelar	Cancelar
Done	Listo	Concluir
Continue	Continuar	Continuar
Back	Atrás	Voltar
Go back	Volver	Voltar
Retry	Reintentar	Tentar novamente
Retry saving	Reintentar guardar	Tentar salvar novamente
Reload	Recargar	Recarregar
Remove	Quitar	Remover
Delete	Eliminar	Excluir
Edit	Editar	Editar
Duplicate	Duplicar	Duplicar
Saved	Guardado	Salvo
Save session	Guardar sesión	Salvar sessão
View session	Ver sesión	Ver sessão
View progress	Ver progreso	Ver progresso
Sharing unavailable	No se puede compartir	Não é possível compartilhar
Could not share	No se pudo compartir	Não foi possível compartilhar
Please try again.	Inténtalo de nuevo.	Tente novamente.
Current streak	Racha actual	Sequência atual
Great work. You kept your streak.	Muy bien. Mantuviste tu racha.	Muito bem. Você manteve sua sequência.
Practice today to keep your streak going.	Practica hoy para mantener tu racha.	Pratique hoje para manter sua sequência.
Start your next streak with a breathing session.	Empieza tu próxima racha con una sesión de respiración.	Comece sua próxima sequência com uma sessão de respiração.
Saved breathing counts, including manual and early-ended sessions. Days follow local time.	La práctica guardada cuenta, incluidas las sesiones manuales y las terminadas antes de tiempo. Los días siguen la hora local.	A prática salva conta, incluindo sessões manuais e encerradas antes do fim. Os dias seguem o horário local.
This week · Monday–today	Esta semana · lunes a hoy	Esta semana · segunda até hoje
Weekly average:	Promedio semanal:	Média semanal:
over the last 12 weeks.	de las últimas 12 semanas.	nas últimas 12 semanas.
Lifetime totals	Totales acumulados	Totais acumulados
Total days	Total de días	Total de dias
Total time	Tiempo total	Tempo total
Sessions	Sesiones	Sessões
Milestones	Hitos	Marcos
See all stats	Ver todas las estadísticas	Ver todas as estatísticas
View session history	Ver historial de sesiones	Ver histórico de sessões
Your first practice day is your first milestone.	Tu primer día de práctica es tu primer hito.	Seu primeiro dia de prática é seu primeiro marco.
Show recent milestones	Ver hitos recientes	Ver marcos recentes
View all milestones	Ver todos los hitos	Ver todos os marcos
Add session	Agregar sesión	Adicionar sessão
Share progress	Compartir progreso	Compartilhar progresso
Refresh data	Actualizar datos	Atualizar dados
Local session data refreshed.	Se actualizaron los datos locales de sesiones.	Os dados locais das sessões foram atualizados.
Refresh failed. Please retry.	No se pudo actualizar. Inténtalo de nuevo.	Não foi possível atualizar. Tente novamente.
Your rhythm starts with one session	Tu ritmo empieza con una sesión	Seu ritmo começa com uma sessão
Excellent consistency	Excelente constancia	Excelente constância
Building consistency	Construyendo constancia	Construindo constância
Every practice counts	Cada práctica cuenta	Cada prática conta
Previous month	Mes anterior	Mês anterior
Next month	Mes siguiente	Próximo mês
★ Milestone · Tap a practice day to view its logs.	★ Hito · Toca un día de práctica para ver sus registros.	★ Marco · Toque em um dia de prática para ver seus registros.
My stats	Mis estadísticas	Minhas estatísticas
Days	Días	Dias
Weeks	Semanas	Semanas
Months	Meses	Meses
All time	Todo el tiempo	Todo o período
Last 14 days	Últimos 14 días	Últimos 14 dias
Last 12 weeks	Últimas 12 semanas	Últimas 12 semanas
Last 12 months	Últimos 12 meses	Últimos 12 meses
Period total	Total del período	Total do período
Practice days	Días de práctica	Dias de prática
Daily average	Promedio diario	Média diária
Average session duration	Duración promedio de sesión	Duração média da sessão
Longest session duration	Sesión más larga	Sessão mais longa
By goal	Por objetivo	Por objetivo
State Shift over time	Evolución de tu tensión	Evolução da sua tensão
No paired ratings	Sin evaluaciones antes y después	Sem avaliações antes e depois
Add before-and-after ratings to see your trend.	Agrega evaluaciones antes y después para ver tu tendencia.	Adicione avaliações antes e depois para ver sua tendência.
Positive means lower self-reported tension. Gaps mean no paired ratings.	Un valor positivo indica menor tensión autoevaluada. Los espacios indican que faltan evaluaciones antes y después.	Um valor positivo indica menor tensão autoavaliada. Os espaços indicam a falta de avaliações antes e depois.
Averages include days without practice and the current partial period. Sessions count on their local start date; only saved sessions with breathing time count.	Los promedios incluyen días sin práctica y el período actual incompleto. Las sesiones cuentan según su fecha local de inicio; solo cuentan las guardadas con tiempo de respiración.	As médias incluem dias sem prática e o período atual incompleto. As sessões contam pela data local de início; apenas sessões salvas com tempo de respiração contam.
No breathing sessions in this period.	No hay sesiones de respiración en este período.	Não há sessões de respiração neste período.
No protocols logged in this period.	No hay protocolos registrados en este período.	Não há protocolos registrados neste período.
Previous period	Período anterior	Período anterior
Next period	Período siguiente	Próximo período
Swipe up or down to inspect another period, or use the Previous and Next buttons.	Desliza hacia arriba o abajo para ver otro período, o usa los botones Anterior y Siguiente.	Deslize para cima ou para baixo para ver outro período, ou use os botões Anterior e Próximo.
Scroll horizontally to view the full chart.	Desliza horizontalmente para ver el gráfico completo.	Deslize horizontalmente para ver o gráfico completo.
Keep what works.	Quédate con lo que te hace bien.	Fique com o que faz bem.
Show all dates	Ver todas las fechas	Ver todas as datas
No matching sessions on this day.	No hay sesiones que coincidan en este día.	Não há sessões correspondentes neste dia.
Your first practice starts here.	Tu primera práctica empieza aquí.	Sua primeira prática começa aqui.
Each session adds to your personal practice history.	Cada sesión se suma a tu historial de práctica.	Cada sessão faz parte do seu histórico de prática.
Manually logged	Registro manual	Registro manual
Completed	Completa	Concluída
Ended early	Terminada antes de tiempo	Encerrada antes do fim
Delete this session?	¿Eliminar esta sesión?	Excluir esta sessão?
This removes the local record permanently.	Esto elimina permanentemente el registro local.	Isso exclui permanentemente o registro local.
Log your breathing practice.	Registra tu práctica de respiración.	Registre sua prática de respiração.
Manual entries count toward your time, streaks and milestones.	Los registros manuales cuentan para tu tiempo, rachas e hitos.	Os registros manuais contam para seu tempo, sequências e marcos.
Start date & time	Fecha y hora de inicio	Data e hora de início
Your phone’s local time.	La hora local de tu teléfono.	O horário local do seu celular.
Choose date	Elegir fecha	Escolher data
Choose time	Elegir hora	Escolher horário
Cancel picker	Cancelar selección	Cancelar seleção
Duration	Duración	Duração
Goal	Objetivo	Objetivo
Choose a protocol	Elegir protocolo	Escolher protocolo
Enter a duration between 1 second and 24 hours.	Ingresa una duración entre 1 segundo y 24 horas.	Informe uma duração entre 1 segundo e 24 horas.
Use whole numbers; minutes and seconds must be 0–59.	Usa números enteros; los minutos y segundos deben estar entre 0 y 59.	Use números inteiros; minutos e segundos devem estar entre 0 e 59.
The session must start and finish in the past.	La sesión debe empezar y terminar en el pasado.	A sessão deve começar e terminar no passado.
Saved on this phone. Every moment of practice counts.	Guardado en este teléfono. Cada momento de práctica cuenta.	Salvo neste celular. Cada momento de prática conta.
Existing history and active sessions will remain.	Se conservarán el historial y las sesiones activas.	O histórico e as sessões ativas serão mantidos.
Make it yours.	Hazlo tuyo.	Deixe do seu jeito.
Build a pattern for the moment, or combine routines into a mix that is yours.	Crea un ritmo para este momento o combina rutinas en una mezcla propia.	Crie um ritmo para este momento ou combine rotinas em uma sequência própria.
Create Pattern	Crear ritmo	Criar ritmo
Create Mix	Crear mezcla	Criar sequência
Saved Presets	Ritmos guardados	Ritmos salvos
Saved Mixes	Mezclas guardadas	Sequências salvas
Presets and mixes you create will live here.	Los ritmos y mezclas que crees aparecerán aquí.	Os ritmos e sequências que você criar aparecerão aqui.
Pattern builder	Creador de ritmos	Criador de ritmos
Mix builder	Creador de mezclas	Criador de sequências
Saved patterns	Ritmos guardados	Ritmos salvos
Your patterns.	Tus ritmos.	Seus ritmos.
Your mixes.	Tus mezclas.	Suas sequências.
My Pattern	Mi ritmo	Meu ritmo
My Mix	Mi mezcla	Minha sequência
Custom pattern	Ritmo personalizado	Ritmo personalizado
Edit your routine.	Edita tu rutina.	Edite sua rotina.
Give your routine a name.	Dale un nombre a tu rutina.	Dê um nome à sua rotina.
Name	Nombre	Nome
Add phase	Agregar fase	Adicionar fase
Add block	Agregar bloque	Adicionar bloco
Phase	Fase	Fase
Phase seconds	Segundos de la fase	Segundos da fase
Block	Bloque	Bloco
Block cycles	Ciclos del bloque	Ciclos do bloco
Repeats	Repeticiones	Repetições
Move up	Subir	Mover para cima
Move down	Bajar	Mover para baixo
Use this routine	Usar esta rutina	Usar esta rotina
Check your routine.	Revisa tu rutina.	Confira sua rotina.
Routine unavailable	Rutina no disponible	Rotina indisponível
It may have been deleted. Your history is unchanged.	Puede que se haya eliminado. Tu historial no cambió.	Ela pode ter sido excluída. Seu histórico não mudou.
Saved routine limit	Límite de rutinas guardadas	Limite de rotinas salvas
No saved routines yet. Create one to keep it on this phone.	Aún no hay rutinas guardadas. Crea una para conservarla en este teléfono.	Ainda não há rotinas salvas. Crie uma para guardar neste celular.
Saved on this phone.	Guardado en este teléfono.	Salvo neste celular.
Remove saved routine?	¿Quitar la rutina guardada?	Remover a rotina salva?
Your practice history and badges will stay.	Se conservarán tu historial de práctica e insignias.	Seu histórico de prática e suas medalhas serão mantidos.
Delete this routine?	¿Eliminar esta rutina?	Excluir esta rotina?
Remove from saved	Quitar de guardados	Remover dos salvos
No favorite protocols yet.	Aún no tienes protocolos favoritos.	Você ainda não tem protocolos favoritos.
Save a protocol from its detail screen and it will appear here for quick access.	Marca un protocolo como favorito para acceder a él aquí.	Marque um protocolo como favorito para acessá-lo aqui.
Save a protocol from its detail screen to find it here.	Marca un protocolo como favorito para encontrarlo aquí.	Marque um protocolo como favorito para encontrá-lo aqui.
Your saved cadence.	Tu ritmo guardado.	Seu ritmo salvo.
Choose a cadence for the moment ahead.	Elige un ritmo para lo que viene.	Escolha um ritmo para o que vem a seguir.
Choose a protocol or create a new session draft.	Elige un protocolo o crea una nueva sesión.	Escolha um protocolo ou crie uma nova sessão.
This session draft is no longer available. Choose a protocol again.	Esta sesión ya no está disponible. Vuelve a elegir un protocolo.	Esta sessão não está mais disponível. Escolha um protocolo novamente.
This pattern is unavailable.	Este ritmo no está disponible.	Este ritmo está indisponível.
This routine includes a protocol that is currently unavailable. Choose another breathing practice.	Esta rutina incluye un protocolo no disponible. Elige otra práctica de respiración.	Esta rotina inclui um protocolo indisponível. Escolha outra prática de respiração.
This older routine is not available in this release. End this session to choose another practice.	Esta rutina anterior no está disponible en esta versión. Finaliza la sesión para elegir otra práctica.	Esta rotina antiga não está disponível nesta versão. Encerre a sessão para escolher outra prática.
Remove the high-intensity block to use this mix in this release.	Quita el bloque de alta intensidad para usar esta mezcla en esta versión.	Remova o bloco de alta intensidade para usar esta sequência nesta versão.
Set your cadence below	Configura tu ritmo abajo	Defina seu ritmo abaixo
Keep holds comfortable. Return to natural breathing whenever you need to.	Mantén las pausas cómodas. Vuelve a respirar naturalmente cuando lo necesites.	Mantenha as pausas confortáveis. Volte a respirar naturalmente quando precisar.
Breathe comfortably. Use easy holds and stop if you feel unwell.	Respira cómodamente. Haz pausas suaves y detente si te sientes mal.	Respire confortavelmente. Faça pausas suaves e pare se sentir mal-estar.
Use a safe, comfortable place. Never practice while driving or in water. Stop if unwell.	Busca un lugar seguro y cómodo. Nunca practiques al conducir ni en el agua. Detente si te sientes mal.	Escolha um lugar seguro e confortável. Nunca pratique ao dirigir ou na água. Pare se sentir mal-estar.
Your moment, your cadence	Tu momento, tu ritmo	Seu momento, seu ritmo
Start with a situation, follow a protocol, or build a pattern that is yours.	Empieza con una situación, sigue un protocolo o crea tu propio ritmo.	Comece com uma situação, siga um protocolo ou crie seu próprio ritmo.
New ritual	Nuevo ritual	Novo ritual
Edit ritual	Editar ritual	Editar ritual
Personal ritual	Ritual personal	Ritual pessoal
Ritual	Ritual	Ritual
Routine	Rutina	Rotina
A familiar place to return.	Un lugar conocido al que volver.	Um lugar familiar para voltar.
Create a ritual	Crear un ritual	Criar um ritual
Save a protocol, length, sound and appearance together. Start in one tap, with no rating required.	Guarda juntos un protocolo, su duración, sonido y apariencia. Empieza con un toque, sin evaluación previa.	Salve juntos um protocolo, sua duração, som e aparência. Comece com um toque, sem avaliação prévia.
Try “My morning practice” or “Before sleep.”	Prueba «Mi práctica de la mañana» o «Antes de dormir».	Experimente “Minha prática da manhã” ou “Antes de dormir”.
My daily practice	Mi práctica diaria	Minha prática diária
Ritual name	Nombre del ritual	Nome do ritual
Ritual cycles	Ciclos del ritual	Ciclos do ritual
Choose 1–100 cycles.	Elige entre 1 y 100 ciclos.	Escolha entre 1 e 100 ciclos.
Save ritual	Guardar ritual	Salvar ritual
Save as a personal ritual	Guardar como ritual personal	Salvar como ritual pessoal
Save this custom pattern in your library before making it a ritual.	Guarda este ritmo en tu biblioteca antes de convertirlo en ritual.	Salve este ritmo na sua biblioteca antes de transformá-lo em ritual.
Keeping this ritual's saved sound and appearance.	Se mantienen el sonido y la apariencia guardados de este ritual.	O som e a aparência salvos deste ritual serão mantidos.
Use current sound & appearance	Usar sonido y apariencia actuales	Usar som e aparência atuais
Pin to Today	Fijar en Hoy	Fixar em Hoje
Unpin from Today	Quitar de Hoy	Desafixar de Hoje
Remove ritual	Quitar ritual	Remover ritual
Remove this ritual?	¿Quitar este ritual?	Remover este ritual?
This ritual is no longer available.	Este ritual ya no está disponible.	Este ritual não está mais disponível.
Appearance:	Apariencia:	Aparência:
Change appearance	Cambiar apariencia	Mudar aparência
★ Favorite ritual	★ Ritual favorito	★ Ritual favorito
Edit profile	Editar perfil	Editar perfil
About you	Sobre ti	Sobre você
Display name	Nombre visible	Nome de exibição
Your intention	Tu intención	Sua intenção
Photo or avatar	Foto o avatar	Foto ou avatar
Choose profile photo	Elegir foto de perfil	Escolher foto de perfil
Opening photos…	Abriendo fotos…	Abrindo fotos…
Photo unavailable	Foto no disponible	Foto indisponível
Try another photo.	Prueba con otra foto.	Tente outra foto.
Your profile photo	Tu foto de perfil	Sua foto de perfil
Photo and avatar choices save immediately. Your profile stays on this phone.	La foto y el avatar se guardan de inmediato. Tu perfil permanece en este teléfono.	A foto e o avatar são salvos imediatamente. Seu perfil fica neste celular.
Save profile	Guardar perfil	Salvar perfil
Done editing	Terminar edición	Concluir edição
Pin up to three badges	Fija hasta tres insignias	Fixe até três medalhas
Three badges pinned	Tres insignias fijadas	Três medalhas fixadas
Unpin one to choose another.	Quita una para elegir otra.	Desafixe uma para escolher outra.
Earn your first badge by practicing.	Consigue tu primera insignia practicando.	Conquiste sua primeira medalha praticando.
Badges	Insignias	Medalhas
Your milestone timeline	Tus hitos a lo largo del tiempo	Seus marcos ao longo do tempo
Your first practice starts your collection.	Tu primera práctica inicia tu colección.	Sua primeira prática inicia sua coleção.
IN/OUT · My practice	IN/OUT · Mi práctica	IN/OUT · Minha prática
My IN/OUT practice	Mi práctica IN/OUT	Minha prática IN/OUT
Share my practice card	Compartir mi tarjeta de práctica	Compartilhar meu cartão de prática
Preparing card…	Preparando tarjeta…	Preparando cartão…
Private on this phone. Sharing sends only the card above, including your photo and bio. Tension ratings and notes stay private.	Privado en este teléfono. Al compartir, solo se envía la tarjeta de arriba, con tu foto y biografía. Las evaluaciones de tensión y notas siguen siendo privadas.	Privado neste celular. Ao compartilhar, apenas o cartão acima é enviado, com sua foto e biografia. As avaliações de tensão e anotações continuam privadas.
Sharing is unavailable on this device.	No se puede compartir desde este dispositivo.	Não é possível compartilhar neste dispositivo.
Your rhythm. Your style.	Tu ritmo. Tu estilo.	Seu ritmo. Seu estilo.
Make it yours	Hazlo tuyo	Deixe do seu jeito
Your look	Tu estilo	Seu estilo
Palette	Paleta	Paleta
Background	Fondo	Fundo
Bubble texture	Textura de la burbuja	Textura da bolha
Profile frame	Marco de perfil	Moldura do perfil
Celebrations	Celebraciones	Celebrações
Burst style	Efecto visual	Efeito visual
Quiet keeps the message. Gentle adds a small sparkle. Playful adds a larger burst. System reduced motion always takes priority.	Discreto muestra el mensaje. Suave añade un pequeño destello. Alegre añade una celebración mayor. La opción del sistema para reducir el movimiento siempre tiene prioridad.	Discreto mostra a mensagem. Suave adiciona um pequeno brilho. Alegre adiciona uma celebração maior. A opção do sistema para reduzir movimento sempre tem prioridade.
sky	cielo	céu
mint	menta	menta
dusk	atardecer	entardecer
sunrise	amanecer	amanhecer
glass	cristal	vidro
halo	halo	halo
orbit	órbita	órbita
midnight	medianoche	meia-noite
deep-sea	mar profundo	mar profundo
plum	ciruela	ameixa
simple	sencillo	simples
glow	brillo	brilho
laurel	laurel	louro
quiet	discreto	discreto
gentle	suave	suave
playful	alegre	alegre
sparks	destellos	brilhos
confetti	confeti	confete
Leaf	Hoja	Folha
Breeze	Brisa	Brisa
Moon	Luna	Lua
Sun	Sol	Sol
Your collection	Tus recompensas	Suas conquistas
Your collection starts here.	Tu colección empieza aquí.	Sua coleção começa aqui.
A little practice unlocks this	Desbloquéalo con la práctica	Desbloqueie com a prática
Unlocks are earned through practice and stay yours. Your tension rating never changes your rewards.	Los elementos se desbloquean con la práctica y siguen siendo tuyos. Tu evaluación de tensión nunca cambia tus recompensas.	Os itens são desbloqueados com a prática e continuam seus. Sua avaliação de tensão nunca muda suas recompensas.
Weekly practice goal	Meta semanal	Meta semanal
Choose a comfortable goal. Each day counts once, however many sessions you do.	Elige una meta cómoda. Cada día cuenta una vez, sin importar cuántas sesiones hagas.	Escolha uma meta confortável. Cada dia conta uma vez, independentemente de quantas sessões você fizer.
A short practice counts. Your earned badges stay with you.	Una práctica breve cuenta. Las insignias que ganaste siguen contigo.	Uma prática breve conta. Suas medalhas conquistadas continuam com você.
Next unlock:	Próxima recompensa:	Próxima conquista:
My goals & rewards	Metas y recompensas	Metas e conquistas
You did it! Weekly goal complete.	¡Lo lograste! Meta semanal completada.	Você conseguiu! Meta semanal concluída.
Congratulations!	¡Felicitaciones!	Parabéns!
A little lighter.	Un poco más de calma.	Um pouco mais de leveza.
You reported less tension. A moment worth celebrating — your session is saved.	Reportaste menos tensión. Un momento para celebrar: tu sesión está guardada.	Você relatou menos tensão. Um momento para celebrar: sua sessão está salva.
Your practice is part of your progress. Nicely done.	Tu práctica es parte de tu progreso. Bien hecho.	Sua prática faz parte do seu progresso. Muito bem.
You made time for yourself. Take a moment to feel proud.	Te diste tiempo para ti. Tómate un momento para sentir orgullo.	Você reservou um tempo para si. Aproveite esse momento para sentir orgulho.
First practice	Primera práctica	Primeira prática
Weekly goal complete	Meta semanal completada	Meta semanal concluída
Mint palette	Paleta menta	Paleta menta
Halo bubble	Burbuja con halo	Bolha com halo
Glow frame	Marco brillante	Moldura brilhante
Dusk palette	Paleta atardecer	Paleta entardecer
Confetti celebration	Celebración con confeti	Celebração com confete
Orbit bubble	Burbuja orbital	Bolha orbital
Sunrise palette	Paleta amanecer	Paleta amanhecer
Laurel frame	Marco de laurel	Moldura de louro
Complete your first practice	Completa tu primera práctica	Conclua sua primeira prática
Practice on 3 different days	Practica en 3 días diferentes	Pratique em 3 dias diferentes
Practice on 10 different days	Practica en 10 días diferentes	Pratique em 10 dias diferentes
Practice on 25 different days	Practica en 25 días diferentes	Pratique em 25 dias diferentes
Save 10 sessions	Guarda 10 sesiones	Salve 10 sessões
Save 50 sessions	Guarda 50 sesiones	Salve 50 sessões
A small practice, on purpose	Una pequeña práctica con intención	Uma pequena prática com intenção
Make room for calm.	Dale espacio a la calma.	Abra espaço para a calma.
IN/OUT helps you move from the state you are in to the state you need next.	IN/OUT te ayuda a pasar de tu estado actual al que necesitas para lo que viene.	IN/OUT ajuda você a passar do seu estado atual para o que precisa a seguir.
Choose the right kind of practice.	Elige el tipo de práctica que necesitas.	Escolha o tipo de prática que você precisa.
Follow the breath	Sigue la respiración	Siga a respiração
Find your rhythm.	Encuentra tu ritmo.	Encontre seu ritmo.
The guide grows as you breathe in, rests during holds, and settles as you breathe out.	La guía crece al inhalar, se mantiene durante las pausas y se contrae al exhalar.	A guia cresce ao inspirar, fica parada nas pausas e diminui ao expirar.
Touch: steady firm taps for in, light taps for out, and gentle taps every two seconds during holds.	Vibración: pulsos firmes al inhalar, suaves al exhalar y ligeros cada dos segundos durante las pausas.	Vibração: pulsos firmes ao inspirar, leves ao expirar e suaves a cada dois segundos nas pausas.
Spoken cues and breath sounds	La voz y los sonidos de respiración	A voz e os sons de respiração
follow each phase. Airflow goes quiet during holds.	siguen cada fase. El flujo de aire queda en silencio durante las pausas.	acompanham cada fase. O fluxo de ar fica silencioso nas pausas.
Notice the shift	Nota cómo te sientes	Perceba como você está
Keep what works.	Quédate con lo que te hace bien.	Fique com o que faz bem.
A quick before-and-after check turns each session into useful personal feedback.	Una breve evaluación antes y después te ayuda a conocer tu experiencia en cada sesión.	Uma breve avaliação antes e depois ajuda você a entender sua experiência em cada sessão.
Skip introduction	Omitir introducción	Pular introdução
Enter IN/OUT	Entrar a IN/OUT	Entrar no IN/OUT
Breathe comfortably in a safe place. Never practice while driving or in water. Stop if dizzy or unwell.	Respira cómodamente en un lugar seguro. Nunca practiques al conducir ni en el agua. Detente si sientes mareo o malestar.	Respire confortavelmente em um lugar seguro. Nunca pratique ao dirigir ou na água. Pare se sentir tontura ou mal-estar.
Breathe comfortably.	Respira cómodamente.	Respire confortavelmente.
Start in a safe place. Keep each breath comfortable; stop if unwell.	Empieza en un lugar seguro. Respira cómodamente y detente si te sientes mal.	Comece em um lugar seguro. Respire confortavelmente e pare se sentir mal-estar.
Follow a comfortable inhale, a small top-up, then an easy, longer exhale.	Haz una inhalación cómoda, añade un poco más de aire y luego exhala suave y lentamente.	Faça uma inspiração confortável, inspire um pouco mais e depois expire suave e lentamente.
Restore natural breathing	Volver a respirar naturalmente	Voltar a respirar naturalmente
Come back to your breath.	Vuelve a tu respiración.	Volte à sua respiração.
A safety confirmation is required before starting. Practice only seated or lying down, never in or near water.	Se requiere una confirmación de seguridad antes de empezar. Practica solo sentado o recostado, nunca en el agua ni cerca de ella.	É necessária uma confirmação de segurança antes de começar. Pratique apenas sentado ou deitado, nunca na água ou perto dela.
Touch keeps an even rhythm: one firm tap per second as you breathe in, one light tap per second as you breathe out, and a gentle tap every two seconds during holds. App switching and screen lock pause sessions. Reduced motion follows your system setting.	La vibración mantiene un ritmo regular: un pulso firme por segundo al inhalar, uno suave al exhalar y uno ligero cada dos segundos durante las pausas. Cambiar de app o bloquear la pantalla pausa la sesión. La reducción de movimiento sigue la configuración del sistema.	A vibração mantém um ritmo regular: um pulso firme por segundo ao inspirar, um leve ao expirar e um suave a cada dois segundos nas pausas. Trocar de app ou bloquear a tela pausa a sessão. A redução de movimento segue a configuração do sistema.
Open settings	Abrir configuración	Abrir configurações
Getting ready.	Preparando todo.	Preparando tudo.
Your local data could not be opened. It has been preserved.	No se pudieron abrir tus datos locales. Se han conservado.	Não foi possível abrir seus dados locais. Eles foram preservados.
Unknown application error	Error desconocido de la aplicación	Erro desconhecido do aplicativo
IN/OUT could not load its bundled fonts. Please reopen the app.	IN/OUT no pudo cargar sus fuentes. Vuelve a abrir la app.	O IN/OUT não conseguiu carregar suas fontes. Abra o app novamente.
Settings could not be saved. Please retry.	No se pudo guardar la configuración. Inténtalo de nuevo.	Não foi possível salvar as configurações. Tente novamente.
Waiting to save	Esperando para guardar	Aguardando para salvar

Appearance	Apariencia	Aparência
APPEARANCE	APARIENCIA	APARÊNCIA
System	Sistema	Sistema
Light	Claro	Claro
Dark	Oscuro	Escuro
Automatically match your phone	Seguir el tema del teléfono	Seguir o tema do celular
Fresh white, green, blue & gold	Blanco, verde, azul y dorado	Branco, verde, azul e dourado
Deep navy with vivid color	Azul noche con colores intensos	Azul profundo com cores intensas
Choose your own breathing phases and timing.	Elige las fases y los tiempos de tu respiración.	Escolha as fases e os tempos da sua respiração.
Bring your favorite routines together in one practice.	Combina tus rutinas favoritas en una sola práctica.	Combine suas rotinas favoritas em uma única prática.
No protocols in this category yet.	Aún no hay protocolos en esta categoría.	Ainda não há protocolos nesta categoria.
Explore another category to find your next practice.	Explora otra categoría para encontrar tu próxima práctica.	Explore outra categoria para encontrar sua próxima prática.
Save protocol	Guardar protocolo	Salvar protocolo
