Advertisement	Anuncio	Anúncio
Advertising	Publicidad	Publicidade
Access boundary	Límite de acceso	Limite de acesso
Access until	Acceso hasta	Acesso até
Ad consent could not load. No ad was requested.	No se pudo cargar el consentimiento publicitario. No se solicitó ningún anuncio.	Não foi possível carregar o consentimento de publicidade. Nenhum anúncio foi solicitado.
Ad privacy choices are available in a native development build.	Las opciones de privacidad publicitaria están disponibles en una compilación nativa de desarrollo.	As opções de privacidade de anúncios estão disponíveis em uma versão nativa de desenvolvimento.
Ad privacy options	Privacidad publicitaria	Privacidade de anúncios
Ads are unavailable. Your breathing practice is unaffected.	Los anuncios no están disponibles. Tu práctica de respiración no se ve afectada.	Os anúncios estão indisponíveis. Sua prática de respiração não é afetada.
All ten breathing protocols, cues, State Shift and safety remain Free. Pro removes ads and saved-routine limits.	Los diez protocolos, las indicaciones, la comparación antes y después y la seguridad siguen siendo gratis. Pro elimina los anuncios y los límites de rutinas guardadas.	Os dez protocolos, as orientações, a comparação antes e depois e a segurança continuam gratuitos. Pro remove os anúncios e os limites de rotinas salvas.
All ten breathing protocols and safety remain available without Pro. Future cloud sync and advanced guidance are not available benefits in this build.	Los diez protocolos y la seguridad siguen disponibles sin Pro. La sincronización en la nube y la guía avanzada no están disponibles en esta versión.	Os dez protocolos e a segurança continuam disponíveis sem Pro. A sincronização na nuvem e a orientação avançada não estão disponíveis nesta versão.
Billing is not configured for this build. Core breathing is available without a purchase.	Los pagos no están configurados en esta versión. La práctica básica está disponible sin comprar.	Os pagamentos não estão configurados nesta versão. A prática básica está disponível sem compra.
Commercial v1 is not released. Demo purchases are simulations and never charge money. Final subscription terms and prices require publisher review before store submission.	La versión comercial 1 aún no se ha publicado. Las compras de demostración son simulaciones y nunca cobran dinero. El editor debe revisar los términos y precios finales antes de enviarlos a las tiendas.	A versão comercial 1 ainda não foi lançada. As compras de demonstração são simulações e nunca cobram dinheiro. A equipe responsável deve revisar os termos e preços finais antes do envio às lojas.
Connect to refresh your store access. Basic breathing stays available offline.	Conéctate para actualizar tu acceso de la tienda. La respiración básica sigue disponible sin conexión.	Conecte-se para atualizar seu acesso da loja. A respiração básica continua disponível sem conexão.
Contact	Contacto	Contato
Contacting the store…	Contactando la tienda…	Conectando à loja…
Continue with	Continuar con	Continuar com
Could not open subscription management. Try your store account.	No se pudo abrir la gestión de suscripciones. Intenta desde tu cuenta de la tienda.	Não foi possível abrir o gerenciamento de assinaturas. Tente pela sua conta da loja.
Developer controls · no purchase	Controles de desarrollo · sin compra	Controles de desenvolvimento · sem compra
Development demo	Demostración de desarrollo	Demonstração de desenvolvimento
Demo subscriptions have no store billing to manage.	Las suscripciones de demostración no tienen pagos que gestionar en la tienda.	As assinaturas de demonstração não têm pagamentos para gerenciar na loja.
Development draft.	Borrador de desarrollo.	Rascunho de desenvolvimento.
Effective	Vigente desde	Vigente desde
Email support	Contactar soporte por correo	Contatar suporte por e-mail
Email unavailable	Correo no disponible	E-mail indisponível
Explore Pro	Conocer Pro	Conhecer Pro
Google demo inventory only. Loading a test ad connects to Google's ad service; no practice data is sent.	Solo anuncios de prueba de Google. Cargar un anuncio de prueba conecta con su servicio publicitario; no se envían datos de práctica.	Apenas anúncios de teste do Google. Carregar um anúncio de teste conecta ao serviço de publicidade; nenhum dado de prática é enviado.
Here to help.	Aquí para ayudarte.	Aqui para ajudar.
IN/OUT support	Soporte de IN/OUT	Suporte do IN/OUT
In a configured native build, monthly or annual Pro purchases use Apple App Store or Google Play billing. Review the store confirmation for the localized price, renewal period and any introductory offer for which your account is eligible.	En una versión nativa configurada, las compras mensuales o anuales de Pro usan los pagos de Apple App Store o Google Play. Revisa la confirmación de la tienda para conocer el precio local, período de renovación y ofertas disponibles para tu cuenta.	Em uma versão nativa configurada, as compras mensais ou anuais de Pro usam os pagamentos da Apple App Store ou Google Play. Confira a confirmação da loja para ver o preço local, período de renovação e ofertas disponíveis para sua conta.
In-app	En la app	No app
In-app / manual	En la app / manual	No app / manual
Manual	Manual	Manual
Invalid management link	Enlace de gestión no válido	Link de gerenciamento inválido
Load native test ad	Cargar anuncio nativo de prueba	Carregar anúncio nativo de teste
Locked	Bloqueado	Bloqueado
Unlocked	Desbloqueado	Desbloqueado
Manage subscription	Gestionar suscripción	Gerenciar assinatura
More room for your practice.	Más espacio para tu práctica.	Mais espaço para sua prática.
My ritual	Mi ritual	Meu ritual
Native build required	Se requiere una versión nativa	É necessária uma versão nativa
Native test ads require a development build. Expo Go can preview this placement only.	Los anuncios nativos de prueba requieren una versión de desarrollo. Expo Go solo puede mostrar este espacio de ejemplo.	Os anúncios nativos de teste exigem uma versão de desenvolvimento. Expo Go pode apenas mostrar este espaço de exemplo.
No ad available right now.	No hay anuncios disponibles ahora.	Não há anúncios disponíveis agora.
No money is charged. These plans and optional trial simulate store behavior; they are not real offers.	No se cobra dinero. Estos planes y la prueba opcional simulan la tienda; no son ofertas reales.	Nenhum valor é cobrado. Estes planos e a avaliação opcional simulam a loja; não são ofertas reais.
No new ad request was made. Try again when connected.	No se solicitó ningún anuncio nuevo. Intenta de nuevo cuando tengas conexión.	Nenhum novo anúncio foi solicitado. Tente novamente quando tiver conexão.
No store management link is available. Check subscriptions in your App Store or Google Play account.	No hay un enlace de gestión disponible. Revisa las suscripciones en tu cuenta de App Store o Google Play.	Não há um link de gerenciamento disponível. Confira as assinaturas na sua conta da App Store ou Google Play.
Privacy options	Opciones de privacidad	Opções de privacidade
Privacy options unavailable	Opciones de privacidad no disponibles	Opções de privacidade indisponíveis
Privacy questions:	Consultas sobre privacidad:	Dúvidas sobre privacidade:
Pro & subscriptions	Pro y suscripciones	Pro e assinaturas
Pro remains available during the store's grace period. Update your payment method.	Pro sigue disponible durante el período de gracia de la tienda. Actualiza tu medio de pago.	Pro continua disponível durante o período de carência da loja. Atualize sua forma de pagamento.
Published by	Publicado por	Publicado por
Refresh plans & status	Actualizar planes y estado	Atualizar planos e status
Renewal is cancelled. Pro remains active until the paid period ends.	La renovación está cancelada. Pro sigue activo hasta que termine el período pagado.	A renovação foi cancelada. Pro continua ativo até o fim do período pago.
Restore purchases	Restaurar compras	Restaurar compras
Review ad privacy choices	Revisar privacidad publicitaria	Revisar privacidade de anúncios
Review privacy choices before loading an ad. Breathing sessions stay uninterrupted.	Revisa las opciones de privacidad antes de cargar un anuncio. Las sesiones de respiración no se interrumpen.	Revise as opções de privacidade antes de carregar um anúncio. As sessões de respiração não são interrompidas.
Subscription terms	Términos de suscripción	Termos de assinatura
Session history	Historial de sesiones	Histórico de sessões
Sessions on	Sesiones del	Sessões de
Simulate	Simular	Simular
Simulate optional trial	Simular prueba opcional	Simular avaliação opcional
Subscription services are unavailable.	Los servicios de suscripción no están disponibles.	Os serviços de assinatura estão indisponíveis.
Subscription terms (development draft)	Términos de suscripción (borrador)	Termos de assinatura (rascunho)
Subscriptions renew automatically unless cancelled through your store. Review the store confirmation for final price, any eligible introductory offer, and renewal terms. Advanced guidance and cloud sync are not available in this build.	Las suscripciones se renuevan automáticamente salvo que las canceles en tu tienda. Revisa la confirmación para conocer el precio final, las ofertas aplicables y los términos de renovación. La guía avanzada y la sincronización en la nube no están disponibles en esta versión.	As assinaturas são renovadas automaticamente, a menos que sejam canceladas na loja. Confira a confirmação para ver o preço final, as ofertas aplicáveis e os termos de renovação. A orientação avançada e a sincronização na nuvem não estão disponíveis nesta versão.
Recurring subscriptions renew unless cancelled through your store account. Cancelling renewal does not immediately remove paid-through access. Store-confirmed expiry, refunds and billing issues may change access. Restore purchases uses the store account that owns the subscription.	Las suscripciones recurrentes se renuevan salvo que las canceles desde tu cuenta de la tienda. Cancelar la renovación no elimina inmediatamente el acceso pagado. El vencimiento, los reembolsos y los problemas de pago confirmados por la tienda pueden cambiar el acceso. Restaurar compras usa la cuenta propietaria de la suscripción.	As assinaturas recorrentes são renovadas, a menos que sejam canceladas na sua conta da loja. Cancelar a renovação não remove imediatamente o acesso pago. O vencimento, os reembolsos e os problemas de pagamento confirmados pela loja podem alterar o acesso. Restaurar compras usa a conta proprietária da assinatura.
Deleting local history or uninstalling IN/OUT does not cancel a subscription. Manage billing and cancellation in your store account. Support: davidclerc@imrtech.xyz.	Eliminar el historial local o desinstalar IN/OUT no cancela una suscripción. Gestiona los pagos y la cancelación en tu cuenta de la tienda. Soporte: davidclerc@imrtech.xyz.	Excluir o histórico local ou desinstalar o IN/OUT não cancela uma assinatura. Gerencie os pagamentos e o cancelamento na sua conta da loja. Suporte: davidclerc@imrtech.xyz.
Test ad	Anuncio de prueba	Anúncio de teste
Test advertising	Publicidad de prueba	Publicidade de teste
Time	Tiempo	Tempo
The store reported a payment issue. Check your payment method.	La tienda informó un problema de pago. Revisa tu medio de pago.	A loja informou um problema de pagamento. Confira sua forma de pagamento.
Your access	Tu acceso	Seu acesso
Your available ad privacy choices have been reviewed.	Se revisaron tus opciones disponibles de privacidad publicitaria.	Suas opções disponíveis de privacidade de anúncios foram revisadas.
Your data, your practice.	Tus datos, tu práctica.	Seus dados, sua prática.
Average from	Promedio de	Média de
completed sessions with paired ratings. Positive values mean lower tension. These are your observations, not a measure of clinical benefit.	sesiones completas con evaluaciones antes y después. Los valores positivos indican menor tensión. Son tus observaciones, no una medida de beneficio clínico.	sessões concluídas com avaliações antes e depois. Os valores positivos indicam menor tensão. São suas observações, não uma medida de benefício clínico.
Best:	Mejor racha:	Maior sequência:
consecutive	consecutivos	consecutivos
days · Next milestone:	días · Próximo hito:	dias · Próximo marco:
days (	días (	dias (
to go).	por alcanzar).	para alcançar).
logged	registradas	registradas
no paired ratings yet	aún sin evaluaciones antes y después	ainda sem avaliações antes e depois
no practice	sin práctica	sem prática
practiced	con práctica	com prática
practice	práctica	prática
day	día	dia
session	sesión	sessão
routine	rutina	rotina
routines	rutinas	rotinas
this month	este mes	neste mês
All ten breathing protocols included	Los diez protocolos de respiración incluidos	Os dez protocolos de respiração incluídos
Saved offline	Guardado sin conexión	Salvo sem conexão
Since	Desde	Desde
Final block	Último bloque	Último bloco
View history	Ver historial	Ver histórico
week	semana	semana
month	mes	mês
year	año	ano
deep sea	mar profundo	mar profundo
Could not save on this phone. Your session is paused. Free some storage, then retry.	No se pudo guardar en este teléfono. La sesión está pausada. Libera espacio y vuelve a intentarlo.	Não foi possível salvar neste celular. A sessão está pausada. Libere espaço e tente novamente.
Your result has not been saved yet. Free some storage, then retry before starting another session.	Tu resultado aún no se ha guardado. Libera espacio y vuelve a intentarlo antes de empezar otra sesión.	Seu resultado ainda não foi salvo. Libere espaço e tente novamente antes de iniciar outra sessão.
Your changes could not be saved. Free some storage, then retry.	No se pudieron guardar tus cambios. Libera espacio y vuelve a intentarlo.	Não foi possível salvar suas mudanças. Libere espaço e tente novamente.
Choose a breathing goal.	Elige un objetivo de respiración.	Escolha um objetivo de respiração.
Choose a rating from 1 to 10	Elige una evaluación del 1 al 10	Escolha uma avaliação de 1 a 10
Use YYYY-MM-DD and 24-hour HH:MM.	Usa AAAA-MM-DD y HH:MM en formato de 24 horas.	Use AAAA-MM-DD e HH:MM no formato de 24 horas.
Enter a valid local date and time.	Ingresa una fecha y hora local válidas.	Informe uma data e hora local válidas.
patterns	ritmos	ritmos
mixes	mezclas	sequências
pattern	ritmo	ritmo
mix	mezcla	sequência
Session length	Duración de la sesión	Duração da sessão
Remaining	Restante	Restante
best	mejor	melhor
Manual breathing	Respiración registrada manualmente	Respiração registrada manualmente
Logged breathing	Respiración registrada	Respiração registrada
App version:	Versión de la app:	Versão do app:
Describe the issue (please omit medical information):	Describe el problema (omite información médica):	Descreva o problema (não inclua informações médicas):
