ANIMATION LAB	LABORATORIO VISUAL	LABORATÓRIO VISUAL
EXPERIMENTAL	EXPERIMENTAL	EXPERIMENTAL
Testing · Pulse	Prueba · Pulse	Teste · Pulse
A quiet space to try the new breathing sphere.	Un espacio tranquilo para probar la nueva esfera de respiración.	Um espaço tranquilo para experimentar a nova esfera de respiração.
Try the new sphere in a separate testing protocol.	Prueba la nueva esfera en un protocolo de prueba independiente.	Experimente a nova esfera em um protocolo de teste separado.
Start testing	Iniciar prueba	Iniciar teste
Flowing sphere	Esfera en movimiento	Esfera em movimento
Still sphere	Esfera inmóvil	Esfera parada
Inhale 5s · Exhale 5s · 1 minute	Inhala 5s · Exhala 5s · 1 minuto	Inspire 5s · Expire 5s · 1 minuto
Visual test only. This does not save a session or count toward progress. Your reduced-motion setting is respected.	Solo prueba visual. No guarda una sesión ni cuenta para tu progreso. Se respeta tu ajuste de movimiento reducido.	Apenas teste visual. Não salva uma sessão nem conta para o progresso. Sua configuração de movimento reduzido é respeitada.
{0}. {1} seconds remaining.	{0}. Quedan {1} segundos.	{0}. Restam {1} segundos.
Charcoal with luminous violet	Carbón con violeta luminoso	Carvão com violeta luminoso
