WELCOME TO IN/OUT	TE DAMOS LA BIENVENIDA A IN/OUT	BOAS-VINDAS AO IN/OUT
Use your breath to change how you feel.	Usa tu respiración para cambiar cómo te sientes.	Use sua respiração para mudar como você se sente.
A small practice for the moment ahead. Start now, or make InOut yours.	Una práctica breve para lo que viene. Empieza ahora o personaliza InOut.	Uma prática curta para o que vem a seguir. Comece agora ou personalize o InOut.
Start breathing	Empezar a respirar	Começar a respirar
Personalize InOut	Personalizar InOut	Personalizar o InOut
HOW IT WORKS	CÓMO FUNCIONA	COMO FUNCIONA
Choose a rhythm. Follow the breathing guide. Notice how you feel with an optional before-and-after check-in.	Elige un ritmo. Sigue la guía de respiración. Si quieres, registra cómo te sientes antes y después.	Escolha um ritmo. Siga o guia de respiração. Se quiser, registre como se sente antes e depois.
What brings you here?	¿Qué te trae por aquí?	O que traz você aqui?
Choose your main goal. You can change it anytime in your profile.	Elige tu objetivo principal. Puedes cambiarlo cuando quieras en tu perfil.	Escolha seu objetivo principal. Você pode mudá-lo quando quiser no perfil.
Skip personalization	Omitir personalización	Pular personalização
FOR YOU	PARA TI	PARA VOCÊ
YOUR FIRST PRACTICE	TU PRIMERA PRÁCTICA	SUA PRIMEIRA PRÁTICA
This is a breathing practice, not medical treatment. Your experience may vary.	Esta es una práctica de respiración, no un tratamiento médico. Cada experiencia es distinta.	Esta é uma prática de respiração, não um tratamento médico. Cada experiência é diferente.
Let's get started	Empecemos	Vamos começar
BEFORE YOUR FIRST BREATH	ANTES DE EMPEZAR	ANTES DE COMEÇAR
Comfort comes first.	Tu comodidad es lo primero.	Seu conforto vem primeiro.
Practice seated or lying down in a safe place.	Practica sentado o acostado en un lugar seguro.	Pratique sentado ou deitado em um lugar seguro.
Never practice while driving, operating machinery, or in water.	Nunca practiques mientras conduces, operas maquinaria o estás en el agua.	Nunca pratique ao dirigir, operar máquinas ou estar na água.
Stop if you feel dizzy or unwell. Return to natural breathing.	Detente si sientes mareo o malestar. Vuelve a respirar con naturalidad.	Pare se sentir tontura ou mal-estar. Volte a respirar naturalmente.
Keep holds comfortable and follow each protocol's precautions. You can stop at any time.	No fuerces las retenciones y sigue las precauciones de cada protocolo. Puedes detenerte cuando quieras.	Não force as retenções e siga os cuidados de cada protocolo. Você pode parar quando quiser.
I understand	Entiendo	Entendi
Read full safety guidance	Leer las indicaciones de seguridad	Ler as orientações de segurança
Your next breath is ready.	Tu próxima práctica está lista.	Sua próxima prática está pronta.
Reduce stress & anxiety	Reducir el estrés y la ansiedad	Reduzir o estresse e a ansiedade
Sleep better	Dormir mejor	Dormir melhor
Improve focus	Mejorar la concentración	Melhorar a concentração
Performance & recovery	Rendimiento y recuperación	Desempenho e recuperação
Increase energy	Tener más energía	Ter mais energia
Prepare for high-pressure moments	Prepararme para momentos exigentes	Me preparar para momentos exigentes
Learn to control my breathing	Aprender a controlar mi respiración	Aprender a controlar minha respiração
Make room for a calmer moment.	Haz espacio para un momento de calma.	Abra espaço para um momento de calma.
Ease into your evening.	Baja el ritmo al terminar el día.	Desacelere ao fim do dia.
One rhythm. One thing at a time.	Un ritmo. Una cosa a la vez.	Um ritmo. Uma coisa de cada vez.
Reset between efforts.	Recupérate entre esfuerzos.	Faça uma pausa entre os esforços.
Begin with intention.	Empieza con intención.	Comece com intenção.
Find your rhythm before the moment.	Encuentra tu ritmo antes de ese momento.	Encontre seu ritmo antes desse momento.
Get to know your breath.	Conoce tu respiración.	Conheça sua respiração.
Try an easy inhale and a longer, comfortable exhale. Follow the guide without forcing your breath, then notice how you feel. There is no score to beat.	Prueba una inhalación suave y una exhalación más larga, sin forzar. Sigue la guía y luego observa cómo te sientes. No hay un puntaje que superar.	Experimente uma inspiração suave e uma expiração mais longa, sem forçar. Siga o guia e depois observe como se sente. Não há pontuação para superar.
A gentle, repeatable rhythm can be part of your wind-down routine. Keep the breath comfortable and let the guide do the counting.	Un ritmo suave y repetible puede formar parte de tu rutina de descanso. Respira con comodidad y deja que la guía lleve la cuenta.	Um ritmo suave e repetível pode fazer parte da sua rotina de descanso. Respire com conforto e deixe o guia contar por você.
Give your attention a simple pattern to follow before your next task. Keep holds easy; return to natural breathing whenever you need to.	Dale a tu atención un patrón sencillo antes de tu próxima tarea. No fuerces las pausas; vuelve a respirar con naturalidad cuando lo necesites.	Dê à sua atenção um padrão simples antes da próxima tarefa. Não force as pausas; volte a respirar naturalmente sempre que precisar.
Settle into an unforced rhythm before or after your activity. Start with foundational breathing and explore other protocols at your own pace.	Encuentra un ritmo cómodo antes o después de tu actividad. Empieza por lo básico y explora otros protocolos a tu propio ritmo.	Encontre um ritmo confortável antes ou depois da sua atividade. Comece pelo básico e explore outros protocolos no seu tempo.
Take a short, attentive pause before moving into your day. Follow an even rhythm and notice what feels comfortable for you.	Haz una pausa breve y consciente antes de seguir con tu día. Sigue un ritmo parejo y observa qué te resulta cómodo.	Faça uma pausa curta e atenta antes de seguir com o dia. Mantenha um ritmo equilibrado e observe o que é confortável para você.
Use a familiar cadence before a presentation or demanding task. Practice seated, keep holds comfortable, and finish with natural breathing.	Usa un ritmo conocido antes de una presentación o tarea exigente. Practica sentado, sin forzar las retenciones, y termina respirando con naturalidad.	Use um ritmo conhecido antes de uma apresentação ou tarefa exigente. Pratique sentado, sem forçar as retenções, e termine respirando naturalmente.
Start with a simple, gentle pattern. The guide shows when to breathe in and out. You can adjust the duration and skip any optional check-in.	Empieza con un patrón sencillo y suave. La guía indica cuándo inhalar y exhalar. Puedes ajustar la duración y omitir los registros opcionales.	Comece com um padrão simples e suave. O guia indica quando inspirar e expirar. Você pode ajustar a duração e pular os registros opcionais.
A few quiet breaths, when it suits you.	Unas respiraciones tranquilas, cuando te acomode.	Algumas respirações tranquilas, quando for bom para você.
Ready for your evening wind-down?	¿Te tomas un momento para bajar el ritmo?	Que tal um momento para desacelerar?
A breathing pause before your next task.	Una pausa para respirar antes de tu próxima tarea.	Uma pausa para respirar antes da próxima tarefa.
Make time for an easy breathing reset.	Date un momento para respirar con calma.	Reserve um momento para respirar com calma.
A fresh moment for your breathing practice.	Un nuevo momento para tu práctica de respiración.	Um novo momento para sua prática de respiração.
Find your rhythm before the next moment.	Encuentra tu ritmo antes de lo que viene.	Encontre seu ritmo antes do que vem a seguir.
A small moment to get to know your breath.	Un momento breve para conocer tu respiración.	Um breve momento para conhecer sua respiração.
Welcome, {0}	Hola, {0}	Olá, {0}
{0} day streak · A little space for yourself	Racha de {0} días · Un espacio para ti	Sequência de {0} dias · Um espaço para você
A fresh moment. An easy place to begin.	Un nuevo momento. Un buen lugar para empezar.	Um novo momento. Um bom lugar para começar.
Choose a goal for recommendations that fit your day.	Elige un objetivo para recibir sugerencias que se adapten a tu día.	Escolha um objetivo para receber sugestões que combinem com seu dia.
BREATHE NOW	RESPIRA AHORA	RESPIRE AGORA
48-second reset	Pausa de 48 segundos	Pausa de 48 segundos
Explore protocols	Explorar protocolos	Explorar protocolos
Custom patterns & mixes	Patrones y combinaciones a tu medida	Padrões e combinações do seu jeito
YOUR FAMILIAR RHYTHMS	TUS RITMOS CONOCIDOS	SEUS RITMOS CONHECIDOS
Learn about your breath	Conoce tu respiración	Conheça sua respiração
A little understanding before you begin.	Conoce un poco más antes de empezar.	Saiba um pouco mais antes de começar.
Explore this protocol	Conocer este protocolo	Conhecer este protocolo
Your main goal	Tu objetivo principal	Seu objetivo principal
YOUR MAIN GOAL	TU OBJETIVO PRINCIPAL	SEU OBJETIVO PRINCIPAL
Your practice, taking shape.	Tu práctica va tomando forma.	Sua prática vai tomando forma.
Overview	Resumen	Resumo
Calendar	Calendario	Calendário
You made time for yourself today.	Hoy te diste un momento para ti.	Hoje você reservou um momento para si.
Every return is a fresh start.	Cada regreso es un nuevo comienzo.	Cada retorno é um novo começo.
Share streak	Compartir racha	Compartilhar sequência
LIFETIME PRACTICE	TU PRÁCTICA ACUMULADA	SUA PRÁTICA ACUMULADA
{0} protocols tried	{0} protocolos probados	{0} protocolos experimentados
Most used: {0}	Más usado: {0}	Mais usado: {0}
AVERAGE STATE SHIFT	CAMBIO DE ESTADO PROMEDIO	MUDANÇA DE ESTADO MÉDIA
{0} paired check-ins · Self-reported tension, 1–10	{0} registros antes y después · Tensión reportada, 1–10	{0} registros antes e depois · Tensão relatada, 1–10
Complete optional before-and-after check-ins to see your State Shift here.	Registra cómo te sientes antes y después para ver aquí tu cambio de estado.	Registre como se sente antes e depois para ver sua mudança de estado aqui.
WEEKLY ACTIVITY	ACTIVIDAD SEMANAL	ATIVIDADE SEMANAL
View all badges	Ver todas las insignias	Ver todas as conquistas
All saved breathing contributes to time. Streaks and badges require completed sessions, including manual entries. Days follow local time; a missed day never removes earned badges.	Toda práctica guardada suma tiempo. Las rachas y las insignias cuentan sesiones completadas, incluidos registros manuales. Los días siguen la hora local; faltar un día nunca elimina tus insignias.	Toda prática salva soma tempo. Sequências e conquistas contam sessões concluídas, incluindo registros manuais. Os dias seguem o horário local; faltar um dia nunca remove suas conquistas.
First Breath	Primera respiración	Primeira respiração
Complete your first breathing session.	Completa tu primera sesión de respiración.	Conclua sua primeira sessão de respiração.
Build up time with comfortable breathing.	Acumula tiempo respirando con comodidad.	Acumule tempo respirando com conforto.
7 Day Streak	Racha de 7 días	Sequência de 7 dias
Complete a session on seven consecutive days.	Completa una sesión durante siete días seguidos.	Conclua uma sessão por sete dias seguidos.
Make a little space for regular practice.	Haz un pequeño espacio para practicar con regularidad.	Abra um pequeno espaço para praticar com regularidade.
Explorer	Explorador	Explorador
Try different in-app protocols.	Prueba distintos protocolos de la app.	Experimente diferentes protocolos do app.
Calm Practice	Práctica de calma	Prática de calma
Complete sessions with a calm intention.	Completa sesiones con la intención de encontrar calma.	Conclua sessões com a intenção de encontrar calma.
Sleep Routine	Rutina de descanso	Rotina de descanso
Make time for sleep-oriented practice.	Dedica tiempo a prácticas para preparar el descanso.	Reserve tempo para práticas de preparação para o descanso.
Early Bird	Madrugador	Madrugador
Complete morning sessions before noon.	Completa sesiones por la mañana, antes del mediodía.	Conclua sessões pela manhã, antes do meio-dia.
Consistency	Constancia	Constância
Practice across different calendar weeks.	Practica en distintas semanas del calendario.	Pratique em diferentes semanas do calendário.
Earned {0}	Obtenida el {0}	Conquistada em {0}
{0} / {1}	{0} / {1}	{0} / {1}
Share achievement	Compartir logro	Compartilhar conquista
NEW ACHIEVEMENT	NUEVO LOGRO	NOVA CONQUISTA
Your earned badges stay with you. Take a moment to enjoy your progress.	Tus insignias se quedan contigo. Date un momento para disfrutar tu progreso.	Suas conquistas ficam com você. Reserve um momento para apreciar seu progresso.
Close celebration	Cerrar celebración	Fechar comemoração
MILESTONE	LOGRO	CONQUISTA
Your next milestone is ahead.	Tu próximo logro te espera.	Sua próxima conquista espera por você.
Share after earning a badge or reaching a three-day streak.	Comparte cuando ganes una insignia o alcances una racha de tres días.	Compartilhe ao ganhar uma conquista ou completar uma sequência de três dias.
{0} day streak	Racha de {0} días	Sequência de {0} dias
SHARE YOUR PRACTICE	COMPARTE TU PRÁCTICA	COMPARTILHE SUA PRÁTICA
A moment worth keeping.	Un momento para recordar.	Um momento para guardar.
Story · 9:16	Historia · 9:16	Story · 9:16
Square · 1:1	Cuadrado · 1:1	Quadrado · 1:1
Include total breathing time	Incluir el tiempo total de respiración	Incluir o tempo total de respiração
total breathing time	tiempo total de respiración	tempo total de respiração
Small breaths. Consistent practice.	Respiraciones pequeñas. Práctica constante.	Pequenas respirações. Prática constante.
Only the preview is shared. Your name, photo, tension ratings and notes stay private.	Solo se comparte la vista previa. Tu nombre, foto, registros de tensión y notas siguen siendo privados.	Só a prévia é compartilhada. Seu nome, foto, registros de tensão e notas continuam privados.
Could not share. Please try again.	No se pudo compartir. Inténtalo de nuevo.	Não foi possível compartilhar. Tente novamente.
Foundational	Fundamentos	Fundamentos
Calm & sleep	Calma y descanso	Calma e descanso
Focus & balance	Concentración y equilibrio	Concentração e equilíbrio
High intensity	Alta intensidad	Alta intensidade
moderate	moderada	moderada
high	alta	alta
Read precautions	Lee las precauciones	Leia os cuidados
Requires Pro	Requiere Pro	Requer Pro
GUIDED SESSIONS	SESIONES GUIADAS	SESSÕES GUIADAS
Unlimited with Pro	Sin límite con Pro	Sem limite com Pro
{0} / {1} free guided sessions left	Quedan {0} de {1} sesiones guiadas gratis	Restam {0} de {1} sessões guiadas grátis
Voice guidance resets on the first of each month (UTC). Tones and silent breathing remain available.	La guía de voz se renueva el primer día de cada mes (UTC). Los sonidos y la respiración en silencio siguen disponibles.	O limite de orientação por voz é renovado no primeiro dia de cada mês (UTC). Sons e respiração em silêncio continuam disponíveis.
Unlock with InOut Pro	Desbloquear con InOut Pro	Desbloquear com InOut Pro
Your guided allowance is used. This session will use tones. You can still breathe for free.	Usaste tus sesiones guiadas. Esta sesión tendrá sonidos. Puedes seguir respirando gratis.	Você usou suas sessões guiadas. Esta sessão terá sons. Você pode continuar respirando de graça.
This protocol offers another rhythm to explore. It requires InOut Pro in this build.	Este protocolo ofrece otro ritmo para explorar. Requiere InOut Pro en esta versión.	Este protocolo oferece outro ritmo para explorar. Requer InOut Pro nesta versão.
Close subscription offer	Cerrar oferta de suscripción	Fechar oferta de assinatura
Build a practice that fits you. You can also continue for free.	Crea una práctica a tu medida. También puedes continuar gratis.	Crie uma prática do seu jeito. Você também pode continuar de graça.
Your guided allowance is used. Keep breathing with tones, or explore Pro.	Usaste tus sesiones guiadas. Sigue respirando con sonidos o conoce Pro.	Você usou suas sessões guiadas. Continue respirando com sons ou conheça o Pro.
Unlock this protocol and make more room for your practice.	Desbloquea este protocolo y amplía tu práctica.	Desbloqueie este protocolo e amplie sua prática.
Core breathing, State Shift and safety remain Free. Explore Pro for more options.	La respiración básica, el cambio de estado y la seguridad siguen gratis. Conoce Pro para más opciones.	A respiração básica, a mudança de estado e a segurança continuam grátis. Conheça o Pro para mais opções.
BEST VALUE	MEJOR PRECIO	MELHOR PREÇO
FREE TRIAL AVAILABLE	PRUEBA GRATIS DISPONIBLE	TESTE GRÁTIS DISPONÍVEL
Review your eligible trial duration and renewal price in the store confirmation.	Revisa la duración de la prueba disponible y el precio de renovación en la confirmación de la tienda.	Confira a duração do teste disponível e o preço de renovação na confirmação da loja.
Continue to Home	Ir al inicio	Ir para o início
Continue for free	Continuar gratis	Continuar de graça
Optional reflection	Reflexión opcional	Reflexão opcional
Note	Nota	Nota
NOTE	NOTA	NOTA
YOUR FIRST PRACTICE, BY EMAIL	TU PRIMERA PRÁCTICA, POR CORREO	SUA PRIMEIRA PRÁTICA, POR E-MAIL
Optional. Send your email address, first name and selected goal to our email service for one welcome message. No marketing sequence.	Opcional. Envía tu correo, nombre y objetivo elegido a nuestro servicio de correo para recibir un único mensaje de bienvenida. Sin una secuencia de publicidad.	Opcional. Envie seu e-mail, nome e objetivo escolhido ao nosso serviço de e-mail para receber uma única mensagem de boas-vindas. Sem sequência de publicidade.
Welcome email sent.	Correo de bienvenida enviado.	E-mail de boas-vindas enviado.
Delivery could not be confirmed. Contact support if you need help.	No se pudo confirmar la entrega. Contacta a soporte si necesitas ayuda.	Não foi possível confirmar a entrega. Fale com o suporte se precisar de ajuda.
Your request is saved. Delivery will be retried when available.	Tu solicitud está guardada. Volveremos a intentar el envío cuando esté disponible.	Seu pedido está salvo. Tentaremos enviar novamente quando estiver disponível.
Remove email from this phone	Eliminar correo de este teléfono	Remover e-mail deste celular
Email address	Correo electrónico	E-mail
Email my first practice	Enviarme mi primera práctica	Enviar minha primeira prática
15 Minutes	15 minutos	15 minutos
60 Minutes	60 minutos	60 minutos
30 Sessions	30 sesiones	30 sessões
privacy.9.title	Correo de bienvenida opcional y tarjetas de logros	E-mail de boas-vindas opcional e cartões de conquistas
privacy.9.body	Si solicitas un correo de bienvenida, InOut envía tu correo electrónico, nombre, objetivo, idioma e identificador aleatorio de instalación a nuestro servicio Supabase y al proveedor de correo. Es un único mensaje solicitado, no una suscripción de marketing. El contenido pendiente se conserva de forma privada para reintentos y se elimina al confirmar el envío o al revisar una solicitud incierta después de 23 horas. Conservamos un hash del correo con sal y el estado de entrega para evitar envíos repetidos; contadores diarios con hash de red e instalación limitan el abuso. Los registros y respaldos del proveedor tienen su propia retención. Quitar el correo del teléfono detiene futuros reintentos locales, pero no cancela solicitudes en curso ni elimina registros del proveedor. Contacta a soporte para solicitar la eliminación del servidor. Las imágenes de logros compartidas incluyen solo el logro o la racha visibles y, si lo eliges, el tiempo total de práctica. No incluyen nombre, foto, valoraciones ni notas.	Se você solicitar um e-mail de boas-vindas, o InOut envia seu e-mail, primeiro nome, objetivo, idioma e identificador aleatório de instalação ao nosso serviço Supabase e ao provedor de e-mail. É uma única mensagem solicitada, não uma assinatura de marketing. O conteúdo pendente fica privado para novas tentativas e é removido após a confirmação do envio ou a revisão de uma solicitação incerta após 23 horas. Mantemos um hash do e-mail com salt e o status de entrega para evitar envios repetidos; contadores diários com hash de rede e instalação limitam abusos. Logs e backups do provedor têm retenção própria. Remover o e-mail do telefone interrompe novas tentativas locais, mas não cancela solicitações em andamento nem exclui registros do provedor. Fale com o suporte para solicitar a exclusão no servidor. Imagens de conquistas compartilhadas incluem apenas a conquista ou sequência exibida e, se você escolher, o tempo total de prática. Nome, foto, avaliações e notas ficam de fora.
Manual logging is unavailable in this build.	El registro manual no está disponible en esta versión.	O registro manual não está disponível nesta versão.
Cyclic Breathwork is available as a separate practice, with its own safety check and hold controls.	La respiración cíclica está disponible como práctica independiente, con su propia confirmación de seguridad y controles de retención.	A respiração cíclica está disponível como prática separada, com sua própria confirmação de segurança e controles de retenção.
Unlimited saved patterns & mixes	Patrones y mezclas guardados sin límite	Padrões e combinações salvos sem limite
Private practice insights	Información privada sobre tu práctica	Informações privadas sobre sua prática
Up to five personal reminders	Hasta cinco recordatorios personales	Até cinco lembretes pessoais
A practice without ads	Una práctica sin anuncios	Uma prática sem anúncios
Subscription details	Detalles de la suscripción	Detalhes da assinatura
Something went wrong. Your saved practice is still on this phone. Try reopening this screen.	Algo salió mal. Tu práctica guardada sigue en este teléfono. Intenta abrir esta pantalla de nuevo.	Algo deu errado. Sua prática salva continua neste telefone. Tente abrir esta tela novamente.
Subscriptions are unavailable right now. You can keep breathing for free.	Las suscripciones no están disponibles ahora. Puedes seguir practicando gratis.	As assinaturas estão indisponíveis no momento. Você pode continuar praticando gratuitamente.
Could not connect to the store. Check your connection and try again.	No pudimos conectar con la tienda. Revisa tu conexión e inténtalo de nuevo.	Não foi possível conectar à loja. Verifique sua conexão e tente novamente.
Could not refresh your subscription. Try restoring purchases.	No pudimos actualizar tu suscripción. Intenta restaurar las compras.	Não foi possível atualizar sua assinatura. Tente restaurar as compras.
Newer sessions	Sesiones más recientes	Sessões mais recentes
Older sessions	Sesiones anteriores	Sessões anteriores
InOut Pro	InOut Pro	InOut Pro
Purchases are unavailable right now. You can keep breathing for free.	Las compras no están disponibles ahora. Puedes seguir practicando gratis.	As compras estão indisponíveis no momento. Você pode continuar praticando gratuitamente.
Subscriptions renew automatically unless cancelled through your store. Review the store confirmation for final price, any eligible introductory offer, and renewal terms.	Las suscripciones se renuevan automáticamente salvo que las canceles en tu tienda. Revisa la confirmación de la tienda para conocer el precio final, las ofertas iniciales disponibles y las condiciones de renovación.	As assinaturas são renovadas automaticamente, a menos que sejam canceladas na loja. Confira na confirmação da loja o preço final, as ofertas iniciais disponíveis e as condições de renovação.
Core breathing and safety remain available without InOut Pro. Your practice data stays on this phone.	La respiración esencial y la seguridad siguen disponibles sin InOut Pro. Tus datos de práctica permanecen en este teléfono.	A respiração essencial e a segurança continuam disponíveis sem o InOut Pro. Seus dados de prática ficam neste telefone.
