VIBRATION	VIBRACIÓN	VIBRAÇÃO
Gentle transitions	Transiciones suaves	Transições suaves
Rhythm pulses	Pulsos rítmicos	Pulsos rítmicos
Preview vibration · 6 sec	Probar vibración · 6 s	Testar vibração · 6 s
Gentle transitions: two light taps in, one soft tap out. Rhythm: gentle taps throughout each breath. Both stay quiet during holds.	Transiciones suaves: dos toques al inhalar y uno suave al exhalar. Pulsos rítmicos: toques suaves durante cada respiración. Ambos modos dejan las retenciones en silencio.	Transições suaves: dois toques ao inspirar e um toque suave ao expirar. Pulsos rítmicos: toques suaves durante cada respiração. Os dois modos ficam em silêncio nas retenções.
Choose sound and vibration in Sound. Holds stay quiet.	Elige el sonido y la vibración en Sonido. Las retenciones quedan en silencio.	Escolha o som e a vibração em Som. As retenções ficam em silêncio.
Touch: gentle cues for inhale and exhale. Holds stay quiet. Choose your vibration style below.	Vibración: señales suaves para inhalar y exhalar, sin vibración durante las retenciones. Elige el estilo más abajo.	Vibração: sinais suaves para inspirar e expirar, sem vibração nas retenções. Escolha o estilo abaixo.
Gentle taps: breathe in	Toques suaves: inhala	Toques suaves: inspire
A soft tap: breathe out	Un toque suave: exhala	Um toque suave: expire
Quiet during holds	Sin vibración durante las retenciones	Sem vibração nas retenções
